ProductKey,ProductAlternateKey,ProductSubcategoryKey,WeightUnitMeasureCode,SizeUnitMeasureCode,ProductName,StandardCost,FinishedGoodsFlag,Color,SafetyStockLevel,ReorderPoint,ListPrice,Size,SizeRange,Weight,DaysToManufacture,ProductLine,DealerPrice,Class,Style,ModelName,StartDate,EndDate,Status
1,AR-5381,NULL,NULL,NULL,Adjustable Race,NULL,0,NA,1000,750,NULL,NULL,NA,NULL,0,NULL,NULL,NULL,NULL,NULL,2003-07-01 00:00:00,NULL,Current
2,BA-8327,NULL,NULL,NULL,Bearing Ball,NULL,0,NA,1000,750,NULL,NULL,NA,NULL,0,NULL,NULL,NULL,NULL,NULL,2003-07-01 00:00:00,NULL,Current
3,BE-2349,NULL,NULL,NULL,BB Ball Bearing,NULL,0,NA,800,600,NULL,NULL,NA,NULL,1,NULL,NULL,NULL,NULL,NULL,2003-07-01 00:00:00,NULL,Current
4,BE-2908,NULL,NULL,NULL,Headset Ball Bearings,NULL,0,NA,800,600,NULL,NULL,NA,NULL,0,NULL,NULL,NULL,NULL,NULL,2003-07-01 00:00:00,NULL,Current
5,BL-2036,NULL,NULL,NULL,Blade,NULL,0,NA,800,600,NULL,NULL,NA,NULL,1,NULL,NULL,NULL,NULL,NULL,2003-07-01 00:00:00,NULL,Current
6,CA-5965,NULL,NULL,NULL,LL Crankarm,NULL,0,Black,500,375,NULL,NULL,NA,NULL,0,NULL,NULL,L ,NULL,NULL,2003-07-01 00:00:00,NULL,Current
7,CA-6738,NULL,NULL,NULL,ML Crankarm,NULL,0,Black,500,375,NULL,NULL,NA,NULL,0,NULL,NULL,M ,NULL,NULL,2003-07-01 00:00:00,NULL,Current
8,CA-7457,NULL,NULL,NULL,HL Crankarm,NULL,0,Black,500,375,NULL,NULL,NA,NULL,0,NULL,NULL,NULL,NULL,NULL,2003-07-01 00:00:00,NULL,Current
9,CB-2903,NULL,NULL,NULL,Chainring Bolts,NULL,0,Silver,1000,750,NULL,NULL,NA,NULL,0,NULL,NULL,NULL,NULL,NULL,2003-07-01 00:00:00,NULL,Current
10,CN-6137,NULL,NULL,NULL,Chainring Nut,NULL,0,Silver,1000,750,NULL,NULL,NA,NULL,0,NULL,NULL,NULL,NULL,NULL,2003-07-01 00:00:00,NULL,Current
11,CR-7833,NULL,NULL,NULL,Chainring,NULL,0,Black,1000,750,NULL,NULL,NA,NULL,0,NULL,NULL,NULL,NULL,NULL,2003-07-01 00:00:00,NULL,Current
12,CR-9981,NULL,NULL,NULL,Crown Race,NULL,0,NA,1000,750,NULL,NULL,NA,NULL,0,NULL,NULL,NULL,NULL,NULL,2003-07-01 00:00:00,NULL,Current
13,CS-2812,NULL,NULL,NULL,Chain Stays,NULL,0,NA,1000,750,NULL,NULL,NA,NULL,1,NULL,NULL,NULL,NULL,NULL,2003-07-01 00:00:00,NULL,Current
14,DC-8732,NULL,NULL,NULL,Decal 1,NULL,0,NA,1000,750,NULL,NULL,NA,NULL,0,NULL,NULL,NULL,NULL,NULL,2003-07-01 00:00:00,NULL,Current
15,DC-9824,NULL,NULL,NULL,Decal 2,NULL,0,NA,1000,750,NULL,NULL,NA,NULL,0,NULL,NULL,NULL,NULL,NULL,2003-07-01 00:00:00,NULL,Current
16,DT-2377,NULL,NULL,NULL,Down Tube,NULL,0,NA,800,600,NULL,NULL,NA,NULL,1,NULL,NULL,NULL,NULL,NULL,2003-07-01 00:00:00,NULL,Current
17,EC-M092,NULL,NULL,NULL,Mountain End Caps,NULL,0,NA,1000,750,NULL,NULL,NA,NULL,1,NULL,NULL,NULL,NULL,NULL,2003-07-01 00:00:00,NULL,Current
18,EC-R098,NULL,NULL,NULL,Road End Caps,NULL,0,NA,1000,750,NULL,NULL,NA,NULL,1,NULL,NULL,NULL,NULL,NULL,2003-07-01 00:00:00,NULL,Current
19,EC-T209,NULL,NULL,NULL,Touring End Caps,NULL,0,NA,1000,750,NULL,NULL,NA,NULL,1,NULL,NULL,NULL,NULL,NULL,2003-07-01 00:00:00,NULL,Current
20,FE-3760,NULL,NULL,NULL,Fork End,NULL,0,NA,800,600,NULL,NULL,NA,NULL,1,NULL,NULL,NULL,NULL,NULL,2003-07-01 00:00:00,NULL,Current
21,FH-2981,NULL,NULL,NULL,Freewheel,NULL,0,Silver,500,375,NULL,NULL,NA,NULL,0,NULL,NULL,NULL,NULL,NULL,,,
22,FW-1000,NULL,NULL,NULL,Flat Washer 1,NULL,0,NA,1000,750,NULL,NULL,NA,NULL,0,NULL,NULL,NULL,NULL,NULL,2003-07-01 00:00:00,NULL,Current
23,FW-1200,NULL,NULL,NULL,Flat Washer 6,NULL,0,NA,1000,750,NULL,NULL,NA,NULL,0,NULL,NULL,NULL,NULL,NULL,2003-07-01 00:00:00,NULL,Current
24,FW-1400,NULL,NULL,NULL,Flat Washer 2,NULL,0,NA,1000,750,NULL,NULL,NA,NULL,0,NULL,NULL,NULL,NULL,NULL,2003-07-01 00:00:00,NULL,Current
25,FW-3400,NULL,NULL,NULL,Flat Washer 9,NULL,0,NA,1000,750,NULL,NULL,NA,NULL,0,NULL,NULL,NULL,NULL,NULL,2003-07-01 00:00:00,NULL,Current
26,FW-3800,NULL,NULL,NULL,Flat Washer 4,NULL,0,NA,1000,750,NULL,NULL,NA,NULL,0,NULL,NULL,NULL,NULL,NULL,2003-07-01 00:00:00,NULL,Current
27,FW-5160,NULL,NULL,NULL,Flat Washer 3,NULL,0,NA,1000,750,NULL,NULL,NA,NULL,0,NULL,NULL,NULL,NULL,NULL,2003-07-01 00:00:00,NULL,Current
28,FW-5800,NULL,NULL,NULL,Flat Washer 8,NULL,0,NA,1000,750,NULL,NULL,NA,NULL,0,NULL,NULL,NULL,NULL,NULL,2003-07-01 00:00:00,NULL,Current
29,FW-7160,NULL,NULL,NULL,Flat Washer 5,NULL,0,NA,1000,750,NULL,NULL,NA,NULL,0,NULL,NULL,NULL,NULL,NULL,2003-07-01 00:00:00,NULL,Current
30,FW-9160,NULL,NULL,NULL,Flat Washer 7,NULL,0,NA,1000,750,NULL,NULL,NA,NULL,0,NULL,NULL,NULL,NULL,NULL,2003-07-01 00:00:00,NULL,Current
31,FC-3654,NULL,NULL,NULL,Fork Crown,NULL,0,NA,800,600,NULL,NULL,NA,NULL,1,NULL,NULL,NULL,NULL,NULL,2003-07-01 00:00:00,NULL,Current
32,FC-3982,NULL,NULL,NULL,Front Derailleur Cage,NULL,0,Silver,800,600,NULL,NULL,NA,NULL,0,NULL,NULL,NULL,NULL,NULL,2003-07-01 00:00:00,NULL,Current
33,FL-2301,NULL,NULL,NULL,Front Derailleur Linkage,NULL,0,Silver,800,600,NULL,NULL,NA,NULL,0,NULL,NULL,NULL,NULL,NULL,2003-07-01 00:00:00,NULL,Current
34,GP-0982,NULL,NULL,NULL,Guide Pulley,NULL,0,NA,800,600,NULL,NULL,NA,NULL,0,NULL,NULL,NULL,NULL,NULL,2003-07-01 00:00:00,NULL,Current
35,GT-0820,NULL,NULL,NULL,LL Grip Tape,NULL,0,NA,800,600,NULL,NULL,NA,NULL,0,NULL,NULL,L ,NULL,NULL,2003-07-01 00:00:00,NULL,Current
36,GT-1209,NULL,NULL,NULL,ML Grip Tape,NULL,0,NA,800,600,NULL,NULL,NA,NULL,0,NULL,NULL,M ,NULL,NULL,2003-07-01 00:00:00,NULL,Current
37,GT-2908,NULL,NULL,NULL,HL Grip Tape,NULL,0,NA,800,600,NULL,NULL,NA,NULL,0,NULL,NULL,NULL,NULL,NULL,2003-07-01 00:00:00,NULL,Current
38,HJ-1213,NULL,NULL,NULL,Thin-Jam Hex Nut 9,NULL,0,NA,1000,750,NULL,NULL,NA,NULL,0,NULL,NULL,NULL,NULL,NULL,2003-07-01 00:00:00,NULL,Current
39,HJ-1220,NULL,NULL,NULL,Thin-Jam Hex Nut 10,NULL,0,NA,1000,750,NULL,NULL,NA,NULL,0,NULL,NULL,NULL,NULL,NULL,2003-07-01 00:00:00,NULL,Current
40,HJ-1420,NULL,NULL,NULL,Thin-Jam Hex Nut 1,NULL,0,NA,1000,750,NULL,NULL,NA,NULL,0,NULL,NULL,NULL,NULL,NULL,2003-07-01 00:00:00,NULL,Current
41,HJ-1428,NULL,NULL,NULL,Thin-Jam Hex Nut 2,NULL,0,NA,1000,750,NULL,NULL,NA,NULL,0,NULL,NULL,NULL,NULL,NULL,2003-07-01 00:00:00,NULL,Current
42,HJ-3410,NULL,NULL,NULL,Thin-Jam Hex Nut 15,NULL,0,NA,1000,750,NULL,NULL,NA,NULL,0,NULL,NULL,NULL,NULL,NULL,2003-07-01 00:00:00,NULL,Current
43,HJ-3416,NULL,NULL,NULL,Thin-Jam Hex Nut 16,NULL,0,NA,1000,750,NULL,NULL,NA,NULL,0,NULL,NULL,NULL,NULL,NULL,2003-07-01 00:00:00,NULL,Current
44,HJ-3816,NULL,NULL,NULL,Thin-Jam Hex Nut 5,NULL,0,NA,1000,750,NULL,NULL,NA,NULL,0,NULL,NULL,NULL,NULL,NULL,2003-07-01 00:00:00,NULL,Current
45,HJ-3824,NULL,NULL,NULL,Thin-Jam Hex Nut 6,NULL,0,NA,1000,750,NULL,NULL,NA,NULL,0,NULL,NULL,NULL,NULL,NULL,2003-07-01 00:00:00,NULL,Current
46,HJ-5161,NULL,NULL,NULL,Thin-Jam Hex Nut 3,NULL,0,NA,1000,750,NULL,NULL,NA,NULL,0,NULL,NULL,NULL,NULL,NULL,2003-07-01 00:00:00,NULL,Current
47,HJ-5162,NULL,NULL,NULL,Thin-Jam Hex Nut 4,NULL,0,NA,1000,750,NULL,NULL,NA,NULL,0,NULL,NULL,NULL,NULL,NULL,2003-07-01 00:00:00,NULL,Current
48,HJ-5811,NULL,NULL,NULL,Thin-Jam Hex Nut 13,NULL,0,NA,1000,750,NULL,NULL,NA,NULL,0,NULL,NULL,NULL,NULL,NULL,2003-07-01 00:00:00,NULL,Current
49,HJ-5818,NULL,NULL,NULL,Thin-Jam Hex Nut 14,NULL,0,NA,1000,750,NULL,NULL,NA,NULL,0,NULL,NULL,NULL,NULL,NULL,2003-07-01 00:00:00,NULL,Current
50,HJ-7161,NULL,NULL,NULL,Thin-Jam Hex Nut 7,NULL,0,NA,1000,750,NULL,NULL,NA,NULL,0,NULL,NULL,NULL,NULL,NULL,2003-07-01 00:00:00,NULL,Current
51,HJ-7162,NULL,NULL,NULL,Thin-Jam Hex Nut 8,NULL,0,NA,1000,750,NULL,NULL,NA,NULL,0,NULL,NULL,NULL,NULL,NULL,2003-07-01 00:00:00,NULL,Current
52,HJ-9080,NULL,NULL,NULL,Thin-Jam Hex Nut 12,NULL,0,NA,1000,750,NULL,NULL,NA,NULL,0,NULL,NULL,NULL,NULL,NULL,2003-07-01 00:00:00,NULL,Current
53,HJ-9161,NULL,NULL,NULL,Thin-Jam Hex Nut 11,NULL,0,NA,1000,750,NULL,NULL,NA,NULL,0,NULL,NULL,NULL,NULL,NULL,2003-07-01 00:00:00,NULL,Current
54,HN-1024,NULL,NULL,NULL,Hex Nut 5,NULL,0,NA,1000,750,NULL,NULL,NA,NULL,0,NULL,NULL,NULL,NULL,NULL,2003-07-01 00:00:00,NULL,Current
55,HN-1032,NULL,NULL,NULL,Hex Nut 6,NULL,0,NA,1000,750,NULL,NULL,NA,NULL,0,NULL,NULL,NULL,NULL,NULL,2003-07-01 00:00:00,NULL,Current
56,HN-1213,NULL,NULL,NULL,Hex Nut 16,NULL,0,NA,1000,750,NULL,NULL,NA,NULL,0,NULL,NULL,NULL,NULL,NULL,2003-07-01 00:00:00,NULL,Current
57,HN-1220,NULL,NULL,NULL,Hex Nut 17,NULL,0,NA,1000,750,NULL,NULL,NA,NULL,0,NULL,NULL,NULL,NULL,NULL,2003-07-01 00:00:00,NULL,Current
58,HN-1224,NULL,NULL,NULL,Hex Nut 7,NULL,0,NA,1000,750,NULL,NULL,NA,NULL,0,NULL,NULL,NULL,NULL,NULL,2003-07-01 00:00:00,NULL,Current
59,HN-1420,NULL,NULL,NULL,Hex Nut 8,NULL,0,NA,1000,750,NULL,NULL,NA,NULL,0,NULL,NULL,NULL,NULL,NULL,2003-07-01 00:00:00,NULL,Current
60,HN-1428,NULL,NULL,NULL,Hex Nut 9,NULL,0,NA,1000,750,NULL,NULL,NA,NULL,0,NULL,NULL,NULL,NULL,NULL,2003-07-01 00:00:00,NULL,Current
61,HN-3410,NULL,NULL,NULL,Hex Nut 22,NULL,0,NA,1000,750,NULL,NULL,NA,NULL,0,NULL,NULL,NULL,NULL,NULL,2003-07-01 00:00:00,NULL,Current
62,HN-3416,NULL,NULL,NULL,Hex Nut 23,NULL,0,NA,1000,750,NULL,NULL,NA,NULL,0,NULL,NULL,NULL,NULL,NULL,2003-07-01 00:00:00,NULL,Current
63,HN-3816,NULL,NULL,NULL,Hex Nut 12,NULL,0,NA,1000,750,NULL,NULL,NA,NULL,0,NULL,NULL,NULL,NULL,NULL,2003-07-01 00:00:00,NULL,Current
64,HN-3824,NULL,NULL,NULL,Hex Nut 13,NULL,0,NA,1000,750,NULL,NULL,NA,NULL,0,NULL,NULL,NULL,NULL,NULL,2003-07-01 00:00:00,NULL,Current
65,HN-4402,NULL,NULL,NULL,Hex Nut 1,NULL,0,NA,1000,750,NULL,NULL,NA,NULL,0,NULL,NULL,NULL,NULL,NULL,2003-07-01 00:00:00,NULL,Current
66,HN-5161,NULL,NULL,NULL,Hex Nut 10,NULL,0,NA,1000,750,NULL,NULL,NA,NULL,0,NULL,NULL,NULL,NULL,NULL,2003-07-01 00:00:00,NULL,Current
67,HN-5162,NULL,NULL,NULL,Hex Nut 11,NULL,0,NA,1000,750,NULL,NULL,NA,NULL,0,NULL,NULL,NULL,NULL,NULL,2003-07-01 00:00:00,NULL,Current
68,HN-5400,NULL,NULL,NULL,Hex Nut 2,NULL,0,NA,1000,750,NULL,NULL,NA,NULL,0,NULL,NULL,NULL,NULL,NULL,2003-07-01 00:00:00,NULL,Current
69,HN-5811,NULL,NULL,NULL,Hex Nut 20,NULL,0,NA,1000,750,NULL,NULL,NA,NULL,0,NULL,NULL,NULL,NULL,NULL,2003-07-01 00:00:00,NULL,Current
70,HN-5818,NULL,NULL,NULL,Hex Nut 21,NULL,0,NA,1000,750,NULL,NULL,NA,NULL,0,NULL,NULL,NULL,NULL,NULL,2003-07-01 00:00:00,NULL,Current
71,HN-6320,NULL,NULL,NULL,Hex Nut 3,NULL,0,NA,1000,750,NULL,NULL,NA,NULL,0,NULL,NULL,NULL,NULL,NULL,2003-07-01 00:00:00,NULL,Current
72,HN-7161,NULL,NULL,NULL,Hex Nut 14,NULL,0,NA,1000,750,NULL,NULL,NA,NULL,0,NULL,NULL,NULL,NULL,NULL,2003-07-01 00:00:00,NULL,Current
73,HN-7162,NULL,NULL,NULL,Hex Nut 15,NULL,0,NA,1000,750,NULL,NULL,NA,NULL,0,NULL,NULL,NULL,NULL,NULL,2003-07-01 00:00:00,NULL,Current
74,HN-8320,NULL,NULL,NULL,Hex Nut 4,NULL,0,NA,1000,750,NULL,NULL,NA,NULL,0,NULL,NULL,NULL,NULL,NULL,2003-07-01 00:00:00,NULL,Current
75,HN-9161,NULL,NULL,NULL,Hex Nut 18,NULL,0,NA,1000,750,NULL,NULL,NA,NULL,0,NULL,NULL,NULL,NULL,NULL,2003-07-01 00:00:00,NULL,Current
76,HN-9168,NULL,NULL,NULL,Hex Nut 19,NULL,0,NA,1000,750,NULL,NULL,NA,NULL,0,NULL,NULL,NULL,NULL,NULL,2003-07-01 00:00:00,NULL,Current
77,HT-2981,NULL,NULL,NULL,Handlebar Tube,NULL,0,NA,800,600,NULL,NULL,NA,NULL,1,NULL,NULL,NULL,NULL,NULL,2003-07-01 00:00:00,NULL,Current
78,HT-8019,NULL,NULL,NULL,Head Tube,NULL,0,NA,800,600,NULL,NULL,NA,NULL,1,NULL,NULL,NULL,NULL,NULL,2003-07-01 00:00:00,NULL,Current
79,HU-6280,NULL,NULL,NULL,LL Hub,NULL,0,NA,500,375,NULL,NULL,NA,NULL,1,NULL,NULL,L ,NULL,NULL,2003-07-01 00:00:00,NULL,Current
80,HU-8998,NULL,NULL,NULL,HL Hub,NULL,0,NA,500,375,NULL,NULL,NA,NULL,1,NULL,NULL,NULL,NULL,NULL,2003-07-01 00:00:00,NULL,Current
81,KW-4091,NULL,NULL,NULL,Keyed Washer,NULL,0,NA,1000,750,NULL,NULL,NA,NULL,0,NULL,NULL,NULL,NULL,NULL,2003-07-01 00:00:00,NULL,Current
82,LE-1000,NULL,NULL,NULL,External Lock Washer 3,NULL,0,NA,1000,750,NULL,NULL,NA,NULL,0,NULL,NULL,NULL,NULL,NULL,2003-07-01 00:00:00,NULL,Current
83,LE-1200,NULL,NULL,NULL,External Lock Washer 4,NULL,0,NA,1000,750,NULL,NULL,NA,NULL,0,NULL,NULL,NULL,NULL,NULL,2003-07-01 00:00:00,NULL,Current
84,LE-1201,NULL,NULL,NULL,External Lock Washer 9,NULL,0,NA,1000,750,NULL,NULL,NA,NULL,0,NULL,NULL,NULL,NULL,NULL,2003-07-01 00:00:00,NULL,Current
85,LE-1400,NULL,NULL,NULL,External Lock Washer 5,NULL,0,NA,1000,750,NULL,NULL,NA,NULL,0,NULL,NULL,NULL,NULL,NULL,2003-07-01 00:00:00,NULL,Current
86,LE-3800,NULL,NULL,NULL,External Lock Washer 7,NULL,0,NA,1000,750,NULL,NULL,NA,NULL,0,NULL,NULL,NULL,NULL,NULL,2003-07-01 00:00:00,NULL,Current
87,LE-5160,NULL,NULL,NULL,External Lock Washer 6,NULL,0,NA,1000,750,NULL,NULL,NA,NULL,0,NULL,NULL,NULL,NULL,NULL,2003-07-01 00:00:00,NULL,Current
88,LE-6000,NULL,NULL,NULL,External Lock Washer 1,NULL,0,NA,1000,750,NULL,NULL,NA,NULL,0,NULL,NULL,NULL,NULL,NULL,2003-07-01 00:00:00,NULL,Current
89,LE-7160,NULL,NULL,NULL,External Lock Washer 8,NULL,0,NA,1000,750,NULL,NULL,NA,NULL,0,NULL,NULL,NULL,NULL,NULL,2003-07-01 00:00:00,NULL,Current
90,LE-8000,NULL,NULL,NULL,External Lock Washer 2,NULL,0,NA,1000,750,NULL,NULL,NA,NULL,0,NULL,NULL,NULL,NULL,NULL,2003-07-01 00:00:00,NULL,Current
91,LI-1000,NULL,NULL,NULL,Internal Lock Washer 3,NULL,0,NA,1000,750,NULL,NULL,NA,NULL,0,NULL,NULL,NULL,NULL,NULL,2003-07-01 00:00:00,NULL,Current
92,LI-1200,NULL,NULL,NULL,Internal Lock Washer 4,NULL,0,NA,1000,750,NULL,NULL,NA,NULL,0,NULL,NULL,NULL,NULL,NULL,2003-07-01 00:00:00,NULL,Current
93,LI-1201,NULL,NULL,NULL,Internal Lock Washer 9,NULL,0,NA,1000,750,NULL,NULL,NA,NULL,0,NULL,NULL,NULL,NULL,NULL,2003-07-01 00:00:00,NULL,Current
94,LI-1400,NULL,NULL,NULL,Internal Lock Washer 5,NULL,0,NA,1000,750,NULL,NULL,NA,NULL,0,NULL,NULL,NULL,NULL,NULL,2003-07-01 00:00:00,NULL,Current
95,LI-3800,NULL,NULL,NULL,Internal Lock Washer 7,NULL,0,NA,1000,750,NULL,NULL,NA,NULL,0,NULL,NULL,NULL,NULL,NULL,2003-07-01 00:00:00,NULL,Current
96,LI-5160,NULL,NULL,NULL,Internal Lock Washer 6,NULL,0,NA,1000,750,NULL,NULL,NA,NULL,0,NULL,NULL,NULL,NULL,NULL,2003-07-01 00:00:00,NULL,Current
97,LI-5800,NULL,NULL,NULL,Internal Lock Washer 10,NULL,0,NA,1000,750,NULL,NULL,NA,NULL,0,NULL,NULL,NULL,NULL,NULL,2003-07-01 00:00:00,NULL,Current
98,LI-6000,NULL,NULL,NULL,Internal Lock Washer 1,NULL,0,NA,1000,750,NULL,NULL,NA,NULL,0,NULL,NULL,NULL,NULL,NULL,2003-07-01 00:00:00,NULL,Current
99,LI-7160,NULL,NULL,NULL,Internal Lock Washer 8,NULL,0,NA,1000,750,NULL,NULL,NA,NULL,0,NULL,NULL,NULL,NULL,NULL,2003-07-01 00:00:00,NULL,Current
100,LI-8000,NULL,NULL,NULL,Internal Lock Washer 2,NULL,0,NA,1000,750,NULL,NULL,NA,NULL,0,NULL,NULL,NULL,NULL,NULL,2003-07-01 00:00:00,NULL,Current
101,LJ-1213,NULL,NULL,NULL,Thin-Jam Lock Nut 9,NULL,0,NA,1000,750,NULL,NULL,NA,NULL,0,NULL,NULL,NULL,NULL,NULL,2003-07-01 00:00:00,NULL,Current
102,LJ-1220,NULL,NULL,NULL,Thin-Jam Lock Nut 10,NULL,0,NA,1000,750,NULL,NULL,NA,NULL,0,NULL,NULL,NULL,NULL,NULL,2003-07-01 00:00:00,NULL,Current
103,LJ-1420,NULL,NULL,NULL,Thin-Jam Lock Nut 1,NULL,0,NA,1000,750,NULL,NULL,NA,NULL,0,NULL,NULL,NULL,NULL,NULL,2003-07-01 00:00:00,NULL,Current
104,LJ-1428,NULL,NULL,NULL,Thin-Jam Lock Nut 2,NULL,0,NA,1000,750,NULL,NULL,NA,NULL,0,NULL,NULL,NULL,NULL,NULL,2003-07-01 00:00:00,NULL,Current
105,LJ-3410,NULL,NULL,NULL,Thin-Jam Lock Nut 15,NULL,0,NA,1000,750,NULL,NULL,NA,NULL,0,NULL,NULL,NULL,NULL,NULL,2003-07-01 00:00:00,NULL,Current
106,LJ-3416,NULL,NULL,NULL,Thin-Jam Lock Nut 16,NULL,0,NA,1000,750,NULL,NULL,NA,NULL,0,NULL,NULL,NULL,NULL,NULL,2003-07-01 00:00:00,NULL,Current
107,LJ-3816,NULL,NULL,NULL,Thin-Jam Lock Nut 5,NULL,0,NA,1000,750,NULL,NULL,NA,NULL,0,NULL,NULL,NULL,NULL,NULL,2003-07-01 00:00:00,NULL,Current
108,LJ-3824,NULL,NULL,NULL,Thin-Jam Lock Nut 6,NULL,0,NA,1000,750,NULL,NULL,NA,NULL,0,NULL,NULL,NULL,NULL,NULL,2003-07-01 00:00:00,NULL,Current
109,LJ-5161,NULL,NULL,NULL,Thin-Jam Lock Nut 3,NULL,0,NA,1000,750,NULL,NULL,NA,NULL,0,NULL,NULL,NULL,NULL,NULL,2003-07-01 00:00:00,NULL,Current
110,LJ-5162,NULL,NULL,NULL,Thin-Jam Lock Nut 4,NULL,0,NA,1000,750,NULL,NULL,NA,NULL,0,NULL,NULL,NULL,NULL,NULL,2003-07-01 00:00:00,NULL,Current
111,LJ-5811,NULL,NULL,NULL,Thin-Jam Lock Nut 13,NULL,0,NA,1000,750,NULL,NULL,NA,NULL,0,NULL,NULL,NULL,NULL,NULL,2003-07-01 00:00:00,NULL,Current
112,LJ-5818,NULL,NULL,NULL,Thin-Jam Lock Nut 14,NULL,0,NA,1000,750,NULL,NULL,NA,NULL,0,NULL,NULL,NULL,NULL,NULL,2003-07-01 00:00:00,NULL,Current
113,LJ-7161,NULL,NULL,NULL,Thin-Jam Lock Nut 7,NULL,0,NA,1000,750,NULL,NULL,NA,NULL,0,NULL,NULL,NULL,NULL,NULL,2003-07-01 00:00:00,NULL,Current
114,LJ-7162,NULL,NULL,NULL,Thin-Jam Lock Nut 8,NULL,0,NA,1000,750,NULL,NULL,NA,NULL,0,NULL,NULL,NULL,NULL,NULL,2003-07-01 00:00:00,NULL,Current
115,LJ-9080,NULL,NULL,NULL,Thin-Jam Lock Nut 12,NULL,0,NA,1000,750,NULL,NULL,NA,NULL,0,NULL,NULL,NULL,NULL,NULL,2003-07-01 00:00:00,NULL,Current
116,LJ-9161,NULL,NULL,NULL,Thin-Jam Lock Nut 11,NULL,0,NA,1000,750,NULL,NULL,NA,NULL,0,NULL,NULL,NULL,NULL,NULL,2003-07-01 00:00:00,NULL,Current
117,LN-1024,NULL,NULL,NULL,Lock Nut 5,NULL,0,NA,1000,750,NULL,NULL,NA,NULL,0,NULL,NULL,NULL,NULL,NULL,2003-07-01 00:00:00,NULL,Current
118,LN-1032,NULL,NULL,NULL,Lock Nut 6,NULL,0,NA,1000,750,NULL,NULL,NA,NULL,0,NULL,NULL,NULL,NULL,NULL,2003-07-01 00:00:00,NULL,Current
119,LN-1213,NULL,NULL,NULL,Lock Nut 16,NULL,0,NA,1000,750,NULL,NULL,NA,NULL,0,NULL,NULL,NULL,NULL,NULL,2003-07-01 00:00:00,NULL,Current
120,LN-1220,NULL,NULL,NULL,Lock Nut 17,NULL,0,NA,1000,750,NULL,NULL,NA,NULL,0,NULL,NULL,NULL,NULL,NULL,2003-07-01 00:00:00,NULL,Current
121,LN-1224,NULL,NULL,NULL,Lock Nut 7,NULL,0,NA,1000,750,NULL,NULL,NA,NULL,0,NULL,NULL,NULL,NULL,NULL,2003-07-01 00:00:00,NULL,Current
122,LN-1420,NULL,NULL,NULL,Lock Nut 8,NULL,0,NA,1000,750,NULL,NULL,NA,NULL,0,NULL,NULL,NULL,NULL,NULL,2003-07-01 00:00:00,NULL,Current
123,LN-1428,NULL,NULL,NULL,Lock Nut 9,NULL,0,NA,1000,750,NULL,NULL,NA,NULL,0,NULL,NULL,NULL,NULL,NULL,2003-07-01 00:00:00,NULL,Current
124,LN-3410,NULL,NULL,NULL,Lock Nut 22,NULL,0,NA,1000,750,NULL,NULL,NA,NULL,0,NULL,NULL,NULL,NULL,NULL,2003-07-01 00:00:00,NULL,Current
125,LN-3416,NULL,NULL,NULL,Lock Nut 23,NULL,0,NA,1000,750,NULL,NULL,NA,NULL,0,NULL,NULL,NULL,NULL,NULL,2003-07-01 00:00:00,NULL,Current
126,LN-3816,NULL,NULL,NULL,Lock Nut 12,NULL,0,NA,1000,750,NULL,NULL,NA,NULL,0,NULL,NULL,NULL,NULL,NULL,2003-07-01 00:00:00,NULL,Current
127,LN-3824,NULL,NULL,NULL,Lock Nut 13,NULL,0,NA,1000,750,NULL,NULL,NA,NULL,0,NULL,NULL,NULL,NULL,NULL,2003-07-01 00:00:00,NULL,Current
128,LN-4400,NULL,NULL,NULL,Lock Nut 1,NULL,0,NA,1000,750,NULL,NULL,NA,NULL,0,NULL,NULL,NULL,NULL,NULL,2003-07-01 00:00:00,NULL,Current
129,LN-5161,NULL,NULL,NULL,Lock Nut 10,NULL,0,NA,1000,750,NULL,NULL,NA,NULL,0,NULL,NULL,NULL,NULL,NULL,2003-07-01 00:00:00,NULL,Current
130,LN-5162,NULL,NULL,NULL,Lock Nut 11,NULL,0,NA,1000,750,NULL,NULL,NA,NULL,0,NULL,NULL,NULL,NULL,NULL,2003-07-01 00:00:00,NULL,Current
131,LN-5400,NULL,NULL,NULL,Lock Nut 2,NULL,0,NA,1000,750,NULL,NULL,NA,NULL,0,NULL,NULL,NULL,NULL,NULL,2003-07-01 00:00:00,NULL,Current
132,LN-5811,NULL,NULL,NULL,Lock Nut 20,NULL,0,NA,1000,750,NULL,NULL,NA,NULL,0,NULL,NULL,NULL,NULL,NULL,2003-07-01 00:00:00,NULL,Current
133,LN-5818,NULL,NULL,NULL,Lock Nut 21,NULL,0,NA,1000,750,NULL,NULL,NA,NULL,0,NULL,NULL,NULL,NULL,NULL,2003-07-01 00:00:00,NULL,Current
134,LN-6320,NULL,NULL,NULL,Lock Nut 3,NULL,0,NA,1000,750,NULL,NULL,NA,NULL,0,NULL,NULL,NULL,NULL,NULL,2003-07-01 00:00:00,NULL,Current
135,LN-7161,NULL,NULL,NULL,Lock Nut 14,NULL,0,NA,1000,750,NULL,NULL,NA,NULL,0,NULL,NULL,NULL,NULL,NULL,2003-07-01 00:00:00,NULL,Current
136,LN-7162,NULL,NULL,NULL,Lock Nut 15,NULL,0,NA,1000,750,NULL,NULL,NA,NULL,0,NULL,NULL,NULL,NULL,NULL,2003-07-01 00:00:00,NULL,Current
137,LN-8320,NULL,NULL,NULL,Lock Nut 4,NULL,0,NA,1000,750,NULL,NULL,NA,NULL,0,NULL,NULL,NULL,NULL,NULL,2003-07-01 00:00:00,NULL,Current
138,LN-9080,NULL,NULL,NULL,Lock Nut 19,NULL,0,NA,1000,750,NULL,NULL,NA,NULL,0,NULL,NULL,NULL,NULL,NULL,2003-07-01 00:00:00,NULL,Current
139,LN-9161,NULL,NULL,NULL,Lock Nut 18,NULL,0,NA,1000,750,NULL,NULL,NA,NULL,0,NULL,NULL,NULL,NULL,NULL,2003-07-01 00:00:00,NULL,Current
140,LR-2398,NULL,NULL,NULL,Lock Ring,NULL,0,Silver,1000,750,NULL,NULL,NA,NULL,0,NULL,NULL,NULL,NULL,NULL,2003-07-01 00:00:00,NULL,Current
141,LR-8520,NULL,NULL,NULL,Lower Head Race,NULL,0,NA,1000,750,NULL,NULL,NA,NULL,0,NULL,NULL,NULL,NULL,NULL,2003-07-01 00:00:00,NULL,Current
142,LW-1000,NULL,NULL,NULL,Lock Washer 4,NULL,0,NA,1000,750,NULL,NULL,NA,NULL,0,NULL,NULL,NULL,NULL,NULL,2003-07-01 00:00:00,NULL,Current
143,LW-1200,NULL,NULL,NULL,Lock Washer 5,NULL,0,NA,1000,750,NULL,NULL,NA,NULL,0,NULL,NULL,NULL,NULL,NULL,2003-07-01 00:00:00,NULL,Current
144,LW-1201,NULL,NULL,NULL,Lock Washer 10,NULL,0,NA,1000,750,NULL,NULL,NA,NULL,0,NULL,NULL,NULL,NULL,NULL,2003-07-01 00:00:00,NULL,Current
145,LW-1400,NULL,NULL,NULL,Lock Washer 6,NULL,0,NA,1000,750,NULL,NULL,NA,NULL,0,NULL,NULL,NULL,NULL,NULL,2003-07-01 00:00:00,NULL,Current
146,LW-3400,NULL,NULL,NULL,Lock Washer 13,NULL,0,NA,1000,750,NULL,NULL,NA,NULL,0,NULL,NULL,NULL,NULL,NULL,2003-07-01 00:00:00,NULL,Current
147,LW-3800,NULL,NULL,NULL,Lock Washer 8,NULL,0,NA,1000,750,NULL,NULL,NA,NULL,0,NULL,NULL,NULL,NULL,NULL,2003-07-01 00:00:00,NULL,Current
148,LW-4000,NULL,NULL,NULL,Lock Washer 1,NULL,0,NA,1000,750,NULL,NULL,NA,NULL,0,NULL,NULL,NULL,NULL,NULL,2003-07-01 00:00:00,NULL,Current
149,LW-5160,NULL,NULL,NULL,Lock Washer 7,NULL,0,NA,1000,750,NULL,NULL,NA,NULL,0,NULL,NULL,NULL,NULL,NULL,2003-07-01 00:00:00,NULL,Current
150,LW-5800,NULL,NULL,NULL,Lock Washer 12,NULL,0,NA,1000,750,NULL,NULL,NA,NULL,0,NULL,NULL,NULL,NULL,NULL,2003-07-01 00:00:00,NULL,Current
151,LW-6000,NULL,NULL,NULL,Lock Washer 2,NULL,0,NA,1000,750,NULL,NULL,NA,NULL,0,NULL,NULL,NULL,NULL,NULL,2003-07-01 00:00:00,NULL,Current
152,LW-7160,NULL,NULL,NULL,Lock Washer 9,NULL,0,NA,1000,750,NULL,NULL,NA,NULL,0,NULL,NULL,NULL,NULL,NULL,2003-07-01 00:00:00,NULL,Current
153,LW-8000,NULL,NULL,NULL,Lock Washer 3,NULL,0,NA,1000,750,NULL,NULL,NA,NULL,0,NULL,NULL,NULL,NULL,NULL,2003-07-01 00:00:00,NULL,Current
154,LW-9160,NULL,NULL,NULL,Lock Washer 11,NULL,0,NA,1000,750,NULL,NULL,NA,NULL,0,NULL,NULL,NULL,NULL,NULL,2003-07-01 00:00:00,NULL,Current
155,MA-7075,NULL,NULL,NULL,Metal Angle,NULL,0,NA,1000,750,NULL,NULL,NA,NULL,0,NULL,NULL,NULL,NULL,NULL,2003-07-01 00:00:00,NULL,Current
156,MB-2024,NULL,NULL,NULL,Metal Bar 1,NULL,0,NA,1000,750,NULL,NULL,NA,NULL,0,NULL,NULL,NULL,NULL,NULL,2003-07-01 00:00:00,NULL,Current
157,MB-6061,NULL,NULL,NULL,Metal Bar 2,NULL,0,NA,1000,750,NULL,NULL,NA,NULL,0,NULL,NULL,NULL,NULL,NULL,2003-07-01 00:00:00,NULL,Current
158,MP-2066,NULL,NULL,NULL,Metal Plate 2,NULL,0,NA,1000,750,NULL,NULL,NA,NULL,0,NULL,NULL,NULL,NULL,NULL,2003-07-01 00:00:00,NULL,Current
159,MP-2503,NULL,NULL,NULL,Metal Plate 1,NULL,0,NA,1000,750,NULL,NULL,NA,NULL,0,NULL,NULL,NULL,NULL,NULL,2003-07-01 00:00:00,NULL,Current
160,MP-4960,NULL,NULL,NULL,Metal Plate 3,NULL,0,NA,1000,750,NULL,NULL,NA,NULL,0,NULL,NULL,NULL,NULL,NULL,2003-07-01 00:00:00,NULL,Current
161,MS-0253,NULL,NULL,NULL,Metal Sheet 2,NULL,0,NA,1000,750,NULL,NULL,NA,NULL,0,NULL,NULL,NULL,NULL,NULL,2003-07-01 00:00:00,NULL,Current
162,MS-1256,NULL,NULL,NULL,Metal Sheet 3,NULL,0,NA,1000,750,NULL,NULL,NA,NULL,0,NULL,NULL,NULL,NULL,NULL,2003-07-01 00:00:00,NULL,Current
163,MS-1981,NULL,NULL,NULL,Metal Sheet 7,NULL,0,NA,1000,750,NULL,NULL,NA,NULL,0,NULL,NULL,NULL,NULL,NULL,2003-07-01 00:00:00,NULL,Current
164,MS-2259,NULL,NULL,NULL,Metal Sheet 4,NULL,0,NA,1000,750,NULL,NULL,NA,NULL,0,NULL,NULL,NULL,NULL,NULL,2003-07-01 00:00:00,NULL,Current
165,MS-2341,NULL,NULL,NULL,Metal Sheet 5,NULL,0,NA,1000,750,NULL,NULL,NA,NULL,0,NULL,NULL,NULL,NULL,NULL,2003-07-01 00:00:00,NULL,Current
166,MS-2348,NULL,NULL,NULL,Metal Sheet 6,NULL,0,NA,1000,750,NULL,NULL,NA,NULL,0,NULL,NULL,NULL,NULL,NULL,2003-07-01 00:00:00,NULL,Current
167,MS-6061,NULL,NULL,NULL,Metal Sheet 1,NULL,0,NA,1000,750,NULL,NULL,NA,NULL,0,NULL,NULL,NULL,NULL,NULL,2003-07-01 00:00:00,NULL,Current
168,MT-1000,NULL,NULL,NULL,Metal Tread Plate,NULL,0,NA,1000,750,NULL,NULL,NA,NULL,0,NULL,NULL,NULL,NULL,NULL,2003-07-01 00:00:00,NULL,Current
169,NI-4127,NULL,NULL,NULL,LL Nipple,NULL,0,NA,1000,750,NULL,NULL,NA,NULL,0,NULL,NULL,L ,NULL,NULL,2003-07-01 00:00:00,NULL,Current
170,NI-9522,NULL,NULL,NULL,HL Nipple,NULL,0,NA,1000,750,NULL,NULL,NA,NULL,0,NULL,NULL,NULL,NULL,NULL,2003-07-01 00:00:00,NULL,Current
171,PA-187B,NULL,NULL,NULL,Paint - Black,NULL,0,NA,60,45,NULL,NULL,NA,NULL,0,NULL,NULL,NULL,NULL,NULL,2003-07-01 00:00:00,NULL,Current
172,PA-361R,NULL,NULL,NULL,Paint - Red,NULL,0,NA,60,45,NULL,NULL,NA,NULL,0,NULL,NULL,NULL,NULL,NULL,2003-07-01 00:00:00,NULL,Current
173,PA-529S,NULL,NULL,NULL,Paint - Silver,NULL,0,NA,60,45,NULL,NULL,NA,NULL,0,NULL,NULL,NULL,NULL,NULL,2003-07-01 00:00:00,NULL,Current
174,PA-632U,NULL,NULL,NULL,Paint - Blue,NULL,0,NA,60,45,NULL,NULL,NA,NULL,0,NULL,NULL,NULL,NULL,NULL,2003-07-01 00:00:00,NULL,Current
175,PA-823Y,NULL,NULL,NULL,Paint - Yellow,NULL,0,NA,60,45,NULL,NULL,NA,NULL,0,NULL,NULL,NULL,NULL,NULL,2003-07-01 00:00:00,NULL,Current
176,PB-6109,NULL,NULL,NULL,Pinch Bolt,NULL,0,NA,1000,750,NULL,NULL,NA,NULL,0,NULL,NULL,NULL,NULL,NULL,2003-07-01 00:00:00,NULL,Current
177,RA-2345,NULL,NULL,NULL,Cup-Shaped Race,NULL,0,NA,1000,750,NULL,NULL,NA,NULL,0,NULL,NULL,NULL,NULL,NULL,2003-07-01 00:00:00,NULL,Current
178,RA-7490,NULL,NULL,NULL,Cone-Shaped Race,NULL,0,NA,1000,750,NULL,NULL,NA,NULL,0,NULL,NULL,NULL,NULL,NULL,2003-07-01 00:00:00,NULL,Current
179,RF-9198,NULL,NULL,NULL,Reflector,NULL,0,NA,1000,750,NULL,NULL,NA,NULL,0,NULL,NULL,NULL,NULL,NULL,2003-07-01 00:00:00,NULL,Current
180,RM-M464,NULL,G  ,NULL,LL Mountain Rim,NULL,0,NA,800,600,NULL,NULL,NA,435,0,NULL,NULL,L ,NULL,NULL,2003-07-01 00:00:00,NULL,Current
181,RM-M692,NULL,G  ,NULL,ML Mountain Rim,NULL,0,NA,800,600,NULL,NULL,NA,450,0,NULL,NULL,M ,NULL,NULL,2003-07-01 00:00:00,NULL,Current
182,RM-M823,NULL,G  ,NULL,HL Mountain Rim,NULL,0,NA,800,600,NULL,NULL,NA,400,0,NULL,NULL,NULL,NULL,NULL,2003-07-01 00:00:00,NULL,Current
183,RM-R436,NULL,G  ,NULL,LL Road Rim,NULL,0,NA,800,600,NULL,NULL,NA,445,0,NULL,NULL,L ,NULL,NULL,2003-07-01 00:00:00,NULL,Current
184,RM-R600,NULL,G  ,NULL,ML Road Rim,NULL,0,NA,800,600,NULL,NULL,NA,450,0,NULL,NULL,M ,NULL,NULL,2003-07-01 00:00:00,NULL,Current
185,RM-R800,NULL,G  ,NULL,HL Road Rim,NULL,0,NA,800,600,NULL,NULL,NA,400,0,NULL,NULL,NULL,NULL,NULL,2003-07-01 00:00:00,NULL,Current
186,RM-T801,NULL,G  ,NULL,Touring Rim,NULL,0,NA,800,600,NULL,NULL,NA,460,0,NULL,NULL,NULL,NULL,NULL,2003-07-01 00:00:00,NULL,Current
187,SA-M198,NULL,NULL,NULL,LL Mountain Seat Assembly,NULL,0,NA,500,375,NULL,NULL,NA,NULL,1,NULL,NULL,L ,NULL,NULL,2003-07-01 00:00:00,NULL,Current
188,SA-M237,NULL,NULL,NULL,ML Mountain Seat Assembly,NULL,0,NA,500,375,NULL,NULL,NA,NULL,1,NULL,NULL,M ,NULL,NULL,2003-07-01 00:00:00,NULL,Current
189,SA-M687,NULL,NULL,NULL,HL Mountain Seat Assembly,NULL,0,NA,500,375,NULL,NULL,NA,NULL,1,NULL,NULL,NULL,NULL,NULL,2003-07-01 00:00:00,NULL,Current
190,SA-R127,NULL,NULL,NULL,LL Road Seat Assembly,NULL,0,NA,500,375,NULL,NULL,NA,NULL,1,NULL,NULL,L ,NULL,NULL,2003-07-01 00:00:00,NULL,Current
191,SA-R430,NULL,NULL,NULL,ML Road Seat Assembly,NULL,0,NA,500,375,NULL,NULL,NA,NULL,1,NULL,NULL,M ,NULL,NULL,2003-07-01 00:00:00,NULL,Current
192,SA-R522,NULL,NULL,NULL,HL Road Seat Assembly,NULL,0,NA,500,375,NULL,NULL,NA,NULL,1,NULL,NULL,NULL,NULL,NULL,2003-07-01 00:00:00,NULL,Current
193,SA-T467,NULL,NULL,NULL,LL Touring Seat Assembly,NULL,0,NA,500,375,NULL,NULL,NA,NULL,1,NULL,NULL,L ,NULL,NULL,2003-07-01 00:00:00,NULL,Current
194,SA-T612,NULL,NULL,NULL,ML Touring Seat Assembly,NULL,0,NA,500,375,NULL,NULL,NA,NULL,1,NULL,NULL,M ,NULL,NULL,2003-07-01 00:00:00,NULL,Current
195,SA-T872,NULL,NULL,NULL,HL Touring Seat Assembly,NULL,0,NA,500,375,NULL,NULL,NA,NULL,1,NULL,NULL,NULL,NULL,NULL,2003-07-01 00:00:00,NULL,Current
196,SD-2342,NULL,NULL,NULL,LL Spindle/Axle,NULL,0,NA,500,375,NULL,NULL,NA,NULL,0,NULL,NULL,L ,NULL,NULL,2003-07-01 00:00:00,NULL,Current
197,SD-9872,NULL,NULL,NULL,HL Spindle/Axle,NULL,0,NA,500,375,NULL,NULL,NA,NULL,0,NULL,NULL,NULL,NULL,NULL,2003-07-01 00:00:00,NULL,Current
198,SH-4562,NULL,NULL,NULL,LL Shell,NULL,0,NA,800,600,NULL,NULL,NA,NULL,0,NULL,NULL,L ,NULL,NULL,2003-07-01 00:00:00,NULL,Current
199,SH-9312,NULL,NULL,NULL,HL Shell,NULL,0,NA,800,600,NULL,NULL,NA,NULL,0,NULL,NULL,NULL,NULL,NULL,2003-07-01 00:00:00,NULL,Current
200,SK-9283,NULL,NULL,NULL,Spokes,NULL,0,NA,1000,750,NULL,NULL,NA,NULL,0,NULL,NULL,NULL,NULL,NULL,2003-07-01 00:00:00,NULL,Current
201,SL-0931,NULL,NULL,NULL,Seat Lug,NULL,0,NA,1000,750,NULL,NULL,NA,NULL,0,NULL,NULL,NULL,NULL,NULL,2003-07-01 00:00:00,NULL,Current
202,SM-9087,NULL,NULL,NULL,Stem,NULL,0,NA,500,375,NULL,NULL,NA,NULL,1,NULL,NULL,NULL,NULL,NULL,2003-07-01 00:00:00,NULL,Current
203,SP-2981,NULL,NULL,NULL,Seat Post,NULL,0,NA,500,375,NULL,NULL,NA,NULL,0,NULL,NULL,NULL,NULL,NULL,2003-07-01 00:00:00,NULL,Current
204,SR-2098,NULL,NULL,NULL,Steerer,NULL,0,NA,500,375,NULL,NULL,NA,NULL,1,NULL,NULL,NULL,NULL,NULL,2003-07-01 00:00:00,NULL,Current
205,SS-2985,NULL,NULL,NULL,Seat Stays,NULL,0,NA,800,600,NULL,NULL,NA,NULL,1,NULL,NULL,NULL,NULL,NULL,2003-07-01 00:00:00,NULL,Current
206,ST-9828,NULL,NULL,NULL,Seat Tube,NULL,0,NA,500,375,NULL,NULL,NA,NULL,1,NULL,NULL,NULL,NULL,NULL,2003-07-01 00:00:00,NULL,Current
207,TO-2301,NULL,NULL,NULL,Top Tube,NULL,0,NA,500,375,NULL,NULL,NA,NULL,1,NULL,NULL,NULL,NULL,NULL,2003-07-01 00:00:00,NULL,Current
208,TP-0923,NULL,NULL,NULL,Tension Pulley,NULL,0,NA,800,600,NULL,NULL,NA,NULL,0,NULL,NULL,NULL,NULL,NULL,2003-07-01 00:00:00,NULL,Current
209,RC-0291,NULL,NULL,NULL,Rear Derailleur Cage,NULL,0,Silver,500,375,NULL,NULL,NA,NULL,0,NULL,NULL,NULL,NULL,NULL,2003-07-01 00:00:00,NULL,Current
210,FR-R92B-58,14,LB ,CM ,"HL Road Frame - Black, 58",NULL,1,Black,500,375,NULL,58,54-58 CM,2.24,1,R ,NULL,H ,U ,HL Road Frame,2003-07-01 00:00:00,NULL,Current
211,FR-R92R-58,14,LB ,CM ,"HL Road Frame - Red, 58",NULL,1,Red,500,375,NULL,58,54-58 CM,2.24,1,R ,NULL,H ,U ,HL Road Frame,2003-07-01 00:00:00,NULL,Current
212,HL-U509-R,31,NULL,NULL,"Sport-100 Helmet, Red",12.0278,1,Red,4,3,33.6442,NULL,NA,NULL,0,S ,20.1865,NULL,NULL,Sport-100,2011-07-01 00:00:00,2007-12-28 00:00:00,NULL
213,HL-U509-R,31,NULL,NULL,"Sport-100 Helmet, Red",13.8782,1,Red,4,3,33.6442,NULL,NA,NULL,0,S ,20.1865,NULL,NULL,Sport-100,2012-07-01 00:00:00,2008-12-27 00:00:00,NULL
214,HL-U509-R,31,NULL,NULL,"Sport-100 Helmet, Red",13.0863,1,Red,4,3,34.99,NULL,NA,NULL,0,S ,20.994,NULL,NULL,Sport-100,2013-07-01 00:00:00,NULL,Current
215,HL-U509,31,NULL,NULL,"Sport-100 Helmet, Black",12.0278,1,Black,4,3,33.6442,NULL,NA,NULL,0,S ,20.1865,NULL,NULL,Sport-100,2011-07-01 00:00:00,2007-12-28 00:00:00,NULL
216,HL-U509,31,NULL,NULL,"Sport-100 Helmet, Black",13.8782,1,Black,4,3,33.6442,NULL,NA,NULL,0,S ,20.1865,NULL,NULL,Sport-100,2012-07-01 00:00:00,2008-12-27 00:00:00,NULL
217,HL-U509,31,NULL,NULL,"Sport-100 Helmet, Black",13.0863,1,Black,4,3,34.99,NULL,NA,NULL,0,S ,20.994,NULL,NULL,Sport-100,2013-07-01 00:00:00,NULL,Current
218,SO-B909-M,23,NULL,NULL,"Mountain Bike Socks, M",3.3963,1,White,4,3,9.5,M,M,NULL,0,M ,5.7,NULL,U ,Mountain Bike Socks,2011-07-01 00:00:00,2007-12-28 00:00:00,NULL
219,SO-B909-L,23,NULL,NULL,"Mountain Bike Socks, L",3.3963,1,White,4,3,9.5,L,L,NULL,0,M ,5.7,NULL,U ,Mountain Bike Socks,2011-07-01 00:00:00,2007-12-28 00:00:00,NULL
220,HL-U509-B,31,NULL,NULL,"Sport-100 Helmet, Blue",12.0278,1,Blue,4,3,33.6442,NULL,NA,NULL,0,S ,20.1865,NULL,NULL,Sport-100,2011-07-01 00:00:00,2007-12-28 00:00:00,NULL
221,HL-U509-B,31,NULL,NULL,"Sport-100 Helmet, Blue",13.8782,1,Blue,4,3,33.6442,NULL,NA,NULL,0,S ,20.1865,NULL,NULL,Sport-100,2012-07-01 00:00:00,2008-12-27 00:00:00,NULL
222,HL-U509-B,31,NULL,NULL,"Sport-100 Helmet, Blue",13.0863,1,Blue,4,3,34.99,NULL,NA,NULL,0,S ,20.994,NULL,NULL,Sport-100,2013-07-01 00:00:00,NULL,Current
223,CA-1098,19,NULL,NULL,AWC Logo Cap,5.7052,1,Multi,4,3,8.6442,NULL,NA,NULL,0,S ,5.1865,NULL,U ,Cycling Cap,2011-07-01 00:00:00,2007-12-28 00:00:00,NULL
224,CA-1098,19,NULL,NULL,AWC Logo Cap,5.2297,1,Multi,4,3,8.6442,NULL,NA,NULL,0,S ,5.1865,NULL,U ,Cycling Cap,2012-07-01 00:00:00,2008-12-27 00:00:00,NULL
225,CA-1098,19,NULL,NULL,AWC Logo Cap,6.9223,1,Multi,4,3,8.99,NULL,NA,NULL,0,S ,5.394,NULL,U ,Cycling Cap,2013-07-01 00:00:00,NULL,Current
226,LJ-0192-S,21,NULL,NULL,"Long-Sleeve Logo Jersey, S",31.7244,1,Multi,4,3,48.0673,S,S,NULL,0,S ,28.8404,NULL,U ,Long-Sleeve Logo Jersey,2011-07-01 00:00:00,2007-12-28 00:00:00,NULL
227,LJ-0192-S,21,NULL,NULL,"Long-Sleeve Logo Jersey, S",29.0807,1,Multi,4,3,48.0673,S,S,NULL,0,S ,28.8404,NULL,U ,Long-Sleeve Logo Jersey,2012-07-01 00:00:00,2008-12-27 00:00:00,NULL
228,LJ-0192-S,21,NULL,NULL,"Long-Sleeve Logo Jersey, S",38.4923,1,Multi,4,3,49.99,S,S,NULL,0,S ,29.994,NULL,U ,Long-Sleeve Logo Jersey,2013-07-01 00:00:00,NULL,Current
229,LJ-0192-M,21,NULL,NULL,"Long-Sleeve Logo Jersey, M",31.7244,1,Multi,4,3,48.0673,M,M,NULL,0,S ,28.8404,NULL,U ,Long-Sleeve Logo Jersey,2011-07-01 00:00:00,2007-12-28 00:00:00,NULL
230,LJ-0192-M,21,NULL,NULL,"Long-Sleeve Logo Jersey, M",29.0807,1,Multi,4,3,48.0673,M,M,NULL,0,S ,28.8404,NULL,U ,Long-Sleeve Logo Jersey,2012-07-01 00:00:00,2008-12-27 00:00:00,NULL
231,LJ-0192-M,21,NULL,NULL,"Long-Sleeve Logo Jersey, M",38.4923,1,Multi,4,3,49.99,M,M,NULL,0,S ,29.994,NULL,U ,Long-Sleeve Logo Jersey,2013-07-01 00:00:00,NULL,Current
232,LJ-0192-L,21,NULL,NULL,"Long-Sleeve Logo Jersey, L",31.7244,1,Multi,4,3,48.0673,L,L,NULL,0,S ,28.8404,NULL,U ,Long-Sleeve Logo Jersey,2011-07-01 00:00:00,2007-12-28 00:00:00,NULL
233,LJ-0192-L,21,NULL,NULL,"Long-Sleeve Logo Jersey, L",29.0807,1,Multi,4,3,48.0673,L,L,NULL,0,S ,28.8404,NULL,U ,Long-Sleeve Logo Jersey,2012-07-01 00:00:00,2008-12-27 00:00:00,NULL
234,LJ-0192-L,21,NULL,NULL,"Long-Sleeve Logo Jersey, L",38.4923,1,Multi,4,3,49.99,L,L,NULL,0,S ,29.994,NULL,U ,Long-Sleeve Logo Jersey,2013-07-01 00:00:00,NULL,Current
235,LJ-0192-X,21,NULL,NULL,"Long-Sleeve Logo Jersey, XL",31.7244,1,Multi,4,3,48.0673,XL,XL,NULL,0,S ,28.8404,NULL,U ,Long-Sleeve Logo Jersey,2011-07-01 00:00:00,2007-12-28 00:00:00,NULL
236,LJ-0192-X,21,NULL,NULL,"Long-Sleeve Logo Jersey, XL",29.0807,1,Multi,4,3,48.0673,XL,XL,NULL,0,S ,28.8404,NULL,U ,Long-Sleeve Logo Jersey,2012-07-01 00:00:00,2008-12-27 00:00:00,NULL
237,LJ-0192-X,21,NULL,NULL,"Long-Sleeve Logo Jersey, XL",38.4923,1,Multi,4,3,49.99,XL,XL,NULL,0,S ,29.994,NULL,U ,Long-Sleeve Logo Jersey,2013-07-01 00:00:00,NULL,Current
238,FR-R92R-62,14,LB ,CM ,"HL Road Frame - Red, 62",747.9682,1,Red,500,375,1263.4598,62,60-62 CM,2.3,1,R ,758.0759,H ,U ,HL Road Frame,2011-07-01 00:00:00,2007-12-28 00:00:00,NULL
239,FR-R92R-62,14,LB ,CM ,"HL Road Frame - Red, 62",722.2568,1,Red,500,375,1301.3636,62,60-62 CM,2.3,1,R ,780.8182,H ,U ,HL Road Frame,2012-07-01 00:00:00,2008-12-27 00:00:00,NULL
240,FR-R92R-62,14,LB ,CM ,"HL Road Frame - Red, 62",868.6342,1,Red,500,375,1431.5,62,60-62 CM,2.3,1,R ,858.9,H ,U ,HL Road Frame,2013-07-01 00:00:00,NULL,Current
241,FR-R92R-44,14,LB ,CM ,"HL Road Frame - Red, 44",747.9682,1,Red,500,375,1263.4598,44,42-46 CM,2.12,1,R ,758.0759,H ,U ,HL Road Frame,2011-07-01 00:00:00,2007-12-28 00:00:00,NULL
242,FR-R92R-44,14,LB ,CM ,"HL Road Frame - Red, 44",722.2568,1,Red,500,375,1301.3636,44,42-46 CM,2.12,1,R ,780.8182,H ,U ,HL Road Frame,2012-07-01 00:00:00,2008-12-27 00:00:00,NULL
243,FR-R92R-44,14,LB ,CM ,"HL Road Frame - Red, 44",868.6342,1,Red,500,375,1431.5,44,42-46 CM,2.12,1,R ,858.9,H ,U ,HL Road Frame,2013-07-01 00:00:00,NULL,Current
244,FR-R92R-48,14,LB ,CM ,"HL Road Frame - Red, 48",747.9682,1,Red,500,375,1263.4598,48,48-52 CM,2.16,1,R ,758.0759,H ,U ,HL Road Frame,2011-07-01 00:00:00,2007-12-28 00:00:00,NULL
245,FR-R92R-48,14,LB ,CM ,"HL Road Frame - Red, 48",722.2568,1,Red,500,375,1301.3636,48,48-52 CM,2.16,1,R ,780.8182,H ,U ,HL Road Frame,2012-07-01 00:00:00,2008-12-27 00:00:00,NULL
246,FR-R92R-48,14,LB ,CM ,"HL Road Frame - Red, 48",868.6342,1,Red,500,375,1431.5,48,48-52 CM,2.16,1,R ,858.9,H ,U ,HL Road Frame,2013-07-01 00:00:00,NULL,Current
247,FR-R92R-52,14,LB ,CM ,"HL Road Frame - Red, 52",747.9682,1,Red,500,375,1263.4598,52,48-52 CM,2.2,1,R ,758.0759,H ,U ,HL Road Frame,2011-07-01 00:00:00,2007-12-28 00:00:00,NULL
248,FR-R92R-52,14,LB ,CM ,"HL Road Frame - Red, 52",722.2568,1,Red,500,375,1301.3636,52,48-52 CM,2.2,1,R ,780.8182,H ,U ,HL Road Frame,2012-07-01 00:00:00,2008-12-27 00:00:00,NULL
249,FR-R92R-52,14,LB ,CM ,"HL Road Frame - Red, 52",868.6342,1,Red,500,375,1431.5,52,48-52 CM,2.2,1,R ,858.9,H ,U ,HL Road Frame,2013-07-01 00:00:00,NULL,Current
250,FR-R92R-56,14,LB ,CM ,"HL Road Frame - Red, 56",747.9682,1,Red,500,375,1263.4598,56,54-58 CM,2.24,1,R ,758.0759,H ,U ,HL Road Frame,2011-07-01 00:00:00,2007-12-28 00:00:00,NULL
251,FR-R92R-56,14,LB ,CM ,"HL Road Frame - Red, 56",722.2568,1,Red,500,375,1301.3636,56,54-58 CM,2.24,1,R ,780.8182,H ,U ,HL Road Frame,2012-07-01 00:00:00,2008-12-27 00:00:00,NULL
252,FR-R92R-56,14,LB ,CM ,"HL Road Frame - Red, 56",868.6342,1,Red,500,375,1431.5,56,54-58 CM,2.24,1,R ,858.9,H ,U ,HL Road Frame,2013-07-01 00:00:00,NULL,Current
253,FR-R38B-58,14,LB ,CM ,"LL Road Frame - Black, 58",176.1997,1,Black,500,375,297.6346,58,54-58 CM,2.46,1,R ,178.5808,L ,U ,LL Road Frame,2011-07-01 00:00:00,2007-12-28 00:00:00,NULL
254,FR-R38B-58,14,LB ,CM ,"LL Road Frame - Black, 58",170.1428,1,Black,500,375,306.5636,58,54-58 CM,2.46,1,R ,183.9382,L ,U ,LL Road Frame,2012-07-01 00:00:00,2008-12-27 00:00:00,NULL
255,FR-R38B-58,14,LB ,CM ,"LL Road Frame - Black, 58",204.6251,1,Black,500,375,337.22,58,54-58 CM,2.46,1,R ,202.332,L ,U ,LL Road Frame,2013-07-01 00:00:00,NULL,Current
256,FR-R38B-60,14,LB ,CM ,"LL Road Frame - Black, 60",176.1997,1,Black,500,375,297.6346,60,60-62 CM,2.48,1,R ,178.5808,L ,U ,LL Road Frame,2011-07-01 00:00:00,2007-12-28 00:00:00,NULL
257,FR-R38B-60,14,LB ,CM ,"LL Road Frame - Black, 60",170.1428,1,Black,500,375,306.5636,60,60-62 CM,2.48,1,R ,183.9382,L ,U ,LL Road Frame,2012-07-01 00:00:00,2008-12-27 00:00:00,NULL
258,FR-R38B-60,14,LB ,CM ,"LL Road Frame - Black, 60",204.6251,1,Black,500,375,337.22,60,60-62 CM,2.48,1,R ,202.332,L ,U ,LL Road Frame,2013-07-01 00:00:00,NULL,Current
259,FR-R38B-62,14,LB ,CM ,"LL Road Frame - Black, 62",176.1997,1,Black,500,375,297.6346,62,60-62 CM,2.5,1,R ,178.5808,L ,U ,LL Road Frame,2011-07-01 00:00:00,2007-12-28 00:00:00,NULL
260,FR-R38B-62,14,LB ,CM ,"LL Road Frame - Black, 62",170.1428,1,Black,500,375,306.5636,62,60-62 CM,2.5,1,R ,183.9382,L ,U ,LL Road Frame,2012-07-01 00:00:00,2008-12-27 00:00:00,NULL
261,FR-R38B-62,14,LB ,CM ,"LL Road Frame - Black, 62",204.6251,1,Black,500,375,337.22,62,60-62 CM,2.5,1,R ,202.332,L ,U ,LL Road Frame,2013-07-01 00:00:00,NULL,Current
262,FR-R38R-44,14,LB ,CM ,"LL Road Frame - Red, 44",181.4857,1,Red,500,375,306.5636,44,42-46 CM,2.32,1,R ,183.9382,L ,U ,LL Road Frame,2011-07-01 00:00:00,2007-12-28 00:00:00,NULL
263,FR-R38R-44,14,LB ,CM ,"LL Road Frame - Red, 44",187.1571,1,Red,500,375,337.22,44,42-46 CM,2.32,1,R ,202.332,L ,U ,LL Road Frame,2012-07-01 00:00:00,2008-12-27 00:00:00,NULL
264,FR-R38R-48,14,LB ,CM ,"LL Road Frame - Red, 48",181.4857,1,Red,500,375,306.5636,48,48-52 CM,2.36,1,R ,183.9382,L ,U ,LL Road Frame,2011-07-01 00:00:00,2007-12-28 00:00:00,NULL
265,FR-R38R-48,14,LB ,CM ,"LL Road Frame - Red, 48",187.1571,1,Red,500,375,337.22,48,48-52 CM,2.36,1,R ,202.332,L ,U ,LL Road Frame,2012-07-01 00:00:00,2008-12-27 00:00:00,NULL
266,FR-R38R-52,14,LB ,CM ,"LL Road Frame - Red, 52",181.4857,1,Red,500,375,306.5636,52,48-52 CM,2.4,1,R ,183.9382,L ,U ,LL Road Frame,2011-07-01 00:00:00,2007-12-28 00:00:00,NULL
267,FR-R38R-52,14,LB ,CM ,"LL Road Frame - Red, 52",187.1571,1,Red,500,375,337.22,52,48-52 CM,2.4,1,R ,202.332,L ,U ,LL Road Frame,2012-07-01 00:00:00,2008-12-27 00:00:00,NULL
268,FR-R38R-58,14,LB ,CM ,"LL Road Frame - Red, 58",181.4857,1,Red,500,375,306.5636,58,54-58 CM,2.46,1,R ,183.9382,L ,U ,LL Road Frame,2011-07-01 00:00:00,2007-12-28 00:00:00,NULL
269,FR-R38R-58,14,LB ,CM ,"LL Road Frame - Red, 58",187.1571,1,Red,500,375,337.22,58,54-58 CM,2.46,1,R ,202.332,L ,U ,LL Road Frame,2012-07-01 00:00:00,2008-12-27 00:00:00,NULL
270,FR-R38R-60,14,LB ,CM ,"LL Road Frame - Red, 60",181.4857,1,Red,500,375,306.5636,60,60-62 CM,2.48,1,R ,183.9382,L ,U ,LL Road Frame,2011-07-01 00:00:00,2007-12-28 00:00:00,NULL
271,FR-R38R-60,14,LB ,CM ,"LL Road Frame - Red, 60",187.1571,1,Red,500,375,337.22,60,60-62 CM,2.48,1,R ,202.332,L ,U ,LL Road Frame,2012-07-01 00:00:00,2008-12-27 00:00:00,NULL
272,FR-R38R-62,14,LB ,CM ,"LL Road Frame - Red, 62",181.4857,1,Red,500,375,306.5636,62,60-62 CM,2.5,1,R ,183.9382,L ,U ,LL Road Frame,2011-07-01 00:00:00,2007-12-28 00:00:00,NULL
273,FR-R38R-62,14,LB ,CM ,"LL Road Frame - Red, 62",187.1571,1,Red,500,375,337.22,62,60-62 CM,2.5,1,R ,202.332,L ,U ,LL Road Frame,2012-07-01 00:00:00,2008-12-27 00:00:00,NULL
274,FR-R72R-44,14,LB ,CM ,"ML Road Frame - Red, 44",352.1394,1,Red,500,375,594.83,44,42-46 CM,2.22,1,R ,356.898,M ,U ,ML Road Frame,2011-07-01 00:00:00,2007-12-28 00:00:00,NULL
275,FR-R72R-48,14,LB ,CM ,"ML Road Frame - Red, 48",352.1394,1,Red,500,375,594.83,48,48-52 CM,2.26,1,R ,356.898,M ,U ,ML Road Frame,2011-07-01 00:00:00,2007-12-28 00:00:00,NULL
276,FR-R72R-52,14,LB ,CM ,"ML Road Frame - Red, 52",352.1394,1,Red,500,375,594.83,52,48-52 CM,2.3,1,R ,356.898,M ,U ,ML Road Frame,2011-07-01 00:00:00,2007-12-28 00:00:00,NULL
277,FR-R72R-58,14,LB ,CM ,"ML Road Frame - Red, 58",352.1394,1,Red,500,375,594.83,58,54-58 CM,2.36,1,R ,356.898,M ,U ,ML Road Frame,2011-07-01 00:00:00,2007-12-28 00:00:00,NULL
278,FR-R72R-60,14,LB ,CM ,"ML Road Frame - Red, 60",352.1394,1,Red,500,375,594.83,60,60-62 CM,2.38,1,R ,356.898,M ,U ,ML Road Frame,2011-07-01 00:00:00,2007-12-28 00:00:00,NULL
279,FR-R38B-44,14,LB ,CM ,"LL Road Frame - Black, 44",176.1997,1,Black,500,375,297.6346,44,42-46 CM,2.32,1,R ,178.5808,L ,U ,LL Road Frame,2011-07-01 00:00:00,2007-12-28 00:00:00,NULL
280,FR-R38B-44,14,LB ,CM ,"LL Road Frame - Black, 44",170.1428,1,Black,500,375,306.5636,44,42-46 CM,2.32,1,R ,183.9382,L ,U ,LL Road Frame,2012-07-01 00:00:00,2008-12-27 00:00:00,NULL
281,FR-R38B-44,14,LB ,CM ,"LL Road Frame - Black, 44",204.6251,1,Black,500,375,337.22,44,42-46 CM,2.32,1,R ,202.332,L ,U ,LL Road Frame,2013-07-01 00:00:00,NULL,Current
282,FR-R38B-48,14,LB ,CM ,"LL Road Frame - Black, 48",176.1997,1,Black,500,375,297.6346,48,48-52 CM,2.36,1,R ,178.5808,L ,U ,LL Road Frame,2011-07-01 00:00:00,2007-12-28 00:00:00,NULL
283,FR-R38B-48,14,LB ,CM ,"LL Road Frame - Black, 48",170.1428,1,Black,500,375,306.5636,48,48-52 CM,2.36,1,R ,183.9382,L ,U ,LL Road Frame,2012-07-01 00:00:00,2008-12-27 00:00:00,NULL
284,FR-R38B-48,14,LB ,CM ,"LL Road Frame - Black, 48",204.6251,1,Black,500,375,337.22,48,48-52 CM,2.36,1,R ,202.332,L ,U ,LL Road Frame,2013-07-01 00:00:00,NULL,Current
285,FR-R38B-52,14,LB ,CM ,"LL Road Frame - Black, 52",176.1997,1,Black,500,375,297.6346,52,48-52 CM,2.4,1,R ,178.5808,L ,U ,LL Road Frame,2011-07-01 00:00:00,2007-12-28 00:00:00,NULL
286,FR-R38B-52,14,LB ,CM ,"LL Road Frame - Black, 52",170.1428,1,Black,500,375,306.5636,52,48-52 CM,2.4,1,R ,183.9382,L ,U ,LL Road Frame,2012-07-01 00:00:00,2008-12-27 00:00:00,NULL
287,FR-R38B-52,14,LB ,CM ,"LL Road Frame - Black, 52",204.6251,1,Black,500,375,337.22,52,48-52 CM,2.4,1,R ,202.332,L ,U ,LL Road Frame,2013-07-01 00:00:00,NULL,Current
288,FR-M94S-42,12,LB ,CM ,"HL Mountain Frame - Silver, 42",623.8403,1,Silver,500,375,1204.3248,42,42-46 CM,2.72,1,M ,722.5949,H ,U ,HL Mountain Frame,,,
289,FR-M94S-42,12,LB ,CM ,"HL Mountain Frame - Silver, 42",660.9142,1,Silver,500,375,1240.4545,42,42-46 CM,2.72,1,M ,744.2727,H ,U ,HL Mountain Frame,,,
290,FR-M94S-42,12,LB ,CM ,"HL Mountain Frame - Silver, 42",747.2002,1,Silver,500,375,1364.5,42,42-46 CM,2.72,1,M ,818.7,H ,U ,HL Mountain Frame,,,
292,FR-M94S-52,12,LB ,CM ,"HL Mountain Frame - Silver, 48",706.811,1,Silver,500,375,1364.5,48,48-52 CM,2.8,1,M ,818.7,H ,U ,HL Mountain Frame,,,
294,FR-M94S-46,12,LB ,CM ,"HL Mountain Frame - Silver, 46",660.9142,1,Silver,500,375,1240.4545,46,42-46 CM,2.84,1,M ,744.2727,H ,U ,HL Mountain Frame,,,
296,FR-M94B-42,12,LB ,CM ,"HL Mountain Frame - Black, 42",617.0281,1,Black,500,375,1191.1739,42,42-46 CM,2.72,1,M ,714.7043,H ,U ,HL Mountain Frame,,,
298,FR-M94B-42,12,LB ,CM ,"HL Mountain Frame - Black, 42",739.041,1,Black,500,375,1349.6,42,42-46 CM,2.72,1,M ,809.76,H ,U ,HL Mountain Frame,,,
300,FR-M94B-48,12,LB ,CM ,"HL Mountain Frame - Black, 48",699.0928,1,Black,500,375,1349.6,48,48-52 CM,2.8,1,M ,809.76,H ,U ,HL Mountain Frame,,,
302,FR-M94B-46,12,LB ,CM ,"HL Mountain Frame - Black, 46",653.6971,1,Black,500,375,1226.9091,46,42-46 CM,2.84,1,M ,736.1455,H ,U ,HL Mountain Frame,,,
304,FR-M94B-38,12,LB ,CM ,"HL Mountain Frame - Black, 38",617.0281,1,Black,500,375,1191.1739,38,38-40 CM,2.68,2,M ,714.7043,H ,U ,HL Mountain Frame,,,
306,FR-M94B-38,12,LB ,CM ,"HL Mountain Frame - Black, 38",739.041,1,Black,500,375,1349.6,38,38-40 CM,2.68,2,M ,809.76,H ,U ,HL Mountain Frame,,,
308,FR-M94S-38,12,LB ,CM ,"HL Mountain Frame - Silver, 38",660.9142,1,Silver,500,375,1240.4545,38,38-40 CM,2.68,2,M ,744.2727,H ,U ,HL Mountain Frame,,,
310,BK-R93R-62,2,LB ,CM ,"Road-150 Red, 62",2171.2942,1,Red,100,75,3578.27,62,60-62 CM,15,4,R ,2146.962,H ,U ,Road-150,,,
312,BK-R93R-48,2,LB ,CM ,"Road-150 Red, 48",2171.2942,1,Red,100,75,3578.27,48,48-52 CM,14.13,4,R ,2146.962,H ,U ,Road-150,,,
314,BK-R93R-56,2,LB ,CM ,"Road-150 Red, 56",2171.2942,1,Red,100,75,3578.27,56,54-58 CM,14.68,4,R ,2146.962,H ,U ,Road-150,,,
316,BK-R68R-60,2,LB ,CM ,"Road-450 Red, 60",884.7083,1,Red,100,75,1457.99,60,60-62 CM,17.9,4,R ,874.794,M ,U ,Road-450,,,
318,BK-R68R-48,2,LB ,CM ,"Road-450 Red, 48",884.7083,1,Red,100,75,1457.99,48,48-52 CM,17.13,4,R ,874.794,M ,U ,Road-450,,,
320,BK-R50R-58,2,LB ,CM ,"Road-650 Red, 58",413.1463,1,Red,100,75,699.0982,58,54-58 CM,19.79,4,R ,419.4589,L ,U ,Road-650,,,
322,BK-R50R-60,2,LB ,CM ,"Road-650 Red, 60",413.1463,1,Red,100,75,699.0982,60,60-62 CM,19.9,4,R ,419.4589,L ,U ,Road-650,,,
324,BK-R50R-62,2,LB ,CM ,"Road-650 Red, 62",413.1463,1,Red,100,75,699.0982,62,60-62 CM,20,4,R ,419.4589,L ,U ,Road-650,,,
326,BK-R50R-44,2,LB ,CM ,"Road-650 Red, 44",413.1463,1,Red,100,75,699.0982,44,42-46 CM,18.77,4,R ,419.4589,L ,U ,Road-650,,,
328,BK-R50R-48,2,LB ,CM ,"Road-650 Red, 48",413.1463,1,Red,100,75,699.0982,48,48-52 CM,19.13,4,R ,419.4589,L ,U ,Road-650,,,
330,BK-R50R-52,2,LB ,CM ,"Road-650 Red, 52",413.1463,1,Red,100,75,699.0982,52,48-52 CM,19.42,4,R ,419.4589,L ,U ,Road-650,,,
332,BK-R50B-58,2,LB ,CM ,"Road-650 Black, 58",413.1463,1,Black,100,75,699.0982,58,54-58 CM,19.79,4,R ,419.4589,L ,U ,Road-650,,,
334,BK-R50B-60,2,LB ,CM ,"Road-650 Black, 60",413.1463,1,Black,100,75,699.0982,60,60-62 CM,19.9,4,R ,419.4589,L ,U ,Road-650,,,
336,BK-R50B-62,2,LB ,CM ,"Road-650 Black, 62",413.1463,1,Black,100,75,699.0982,62,60-62 CM,20,4,R ,419.4589,L ,U ,Road-650,,,
338,BK-R50B-44,2,LB ,CM ,"Road-650 Black, 44",413.1463,1,Black,100,75,699.0982,44,42-46 CM,18.77,4,R ,419.4589,L ,U ,Road-650,,,
340,BK-R50B-48,2,LB ,CM ,"Road-650 Black, 48",413.1463,1,Black,100,75,699.0982,48,48-52 CM,19.13,4,R ,419.4589,L ,U ,Road-650,,,
342,BK-R50B-52,2,LB ,CM ,"Road-650 Black, 52",413.1463,1,Black,100,75,699.0982,52,48-52 CM,19.42,4,R ,419.4589,L ,U ,Road-650,,,
344,BK-M82S-38,1,LB ,CM ,"Mountain-100 Silver, 38",1912.1544,1,Silver,100,75,3399.99,38,38-40 CM,20.35,4,M ,2039.994,H ,U ,Mountain-100,,,
346,BK-M82S-44,1,LB ,CM ,"Mountain-100 Silver, 44",1912.1544,1,Silver,100,75,3399.99,44,42-46 CM,21.13,4,M ,2039.994,H ,U ,Mountain-100,,,
348,BK-M82B-38,1,LB ,CM ,"Mountain-100 Black, 38",1898.0944,1,Black,100,75,3374.99,38,38-40 CM,20.35,4,M ,2024.994,H ,U ,Mountain-100,,,
350,BK-M82B-44,1,LB ,CM ,"Mountain-100 Black, 44",1898.0944,1,Black,100,75,3374.99,44,42-46 CM,21.13,4,M ,2024.994,H ,U ,Mountain-100,,,
352,BK-M68S-38,1,LB ,CM ,"Mountain-200 Silver, 38",1117.8559,1,Silver,100,75,2071.4196,38,38-40 CM,23.35,4,M ,1242.8518,H ,U ,Mountain-200,,,
354,BK-M68S-42,1,LB ,CM ,"Mountain-200 Silver, 42",1117.8559,1,Silver,100,75,2071.4196,42,42-46 CM,23.77,4,M ,1242.8518,H ,U ,Mountain-200,,,
355,BK-M68S-42,1,LB ,CM ,"Mountain-200 Silver, 42",1265.6195,1,Silver,100,75,2319.99,42,42-46 CM,23.77,4,M ,1391.994,H ,U ,Mountain-200,,,
356,BK-M68S-46,1,LB ,CM ,"Mountain-200 Silver, 46",1117.8559,1,Silver,100,75,2071.4196,46,42-46 CM,24.13,4,M ,1242.8518,H ,U ,Mountain-200,,,
357,BK-M68S-46,1,LB ,CM ,"Mountain-200 Silver, 46",1265.6195,1,Silver,100,75,2319.99,46,42-46 CM,24.13,4,M ,1391.994,H ,U ,Mountain-200,,,
358,BK-M68B-38,1,LB ,CM ,"Mountain-200 Black, 38",1105.81,1,Black,100,75,2049.0982,38,38-40 CM,23.35,4,M ,1229.4589,H ,U ,Mountain-200,,,
359,BK-M68B-38,1,LB ,CM ,"Mountain-200 Black, 38",1251.9813,1,Black,100,75,2294.99,38,38-40 CM,23.35,4,M ,1376.994,H ,U ,Mountain-200,,,
360,BK-M68B-42,1,LB ,CM ,"Mountain-200 Black, 42",1105.81,1,Black,100,75,2049.0982,42,42-46 CM,23.77,4,M ,1229.4589,H ,U ,Mountain-200,,,
361,BK-M68B-42,1,LB ,CM ,"Mountain-200 Black, 42",1251.9813,1,Black,100,75,2294.99,42,42-46 CM,23.77,4,M ,1376.994,H ,U ,Mountain-200,,,
362,BK-M68B-46,1,LB ,CM ,"Mountain-200 Black, 46",1105.81,1,Black,100,75,2049.0982,46,42-46 CM,24.13,4,M ,1229.4589,H ,U ,Mountain-200,,,
363,BK-M68B-46,1,LB ,CM ,"Mountain-200 Black, 46",1251.9813,1,Black,100,75,2294.99,46,42-46 CM,24.13,4,M ,1376.994,H ,U ,Mountain-200,,,
364,BK-M47B-38,1,LB ,CM ,"Mountain-300 Black, 38",598.4354,1,Black,100,75,1079.99,38,38-40 CM,25.35,4,M ,647.994,M ,U ,Mountain-300,,,
365,BK-M47B-40,1,LB ,CM ,"Mountain-300 Black, 40",598.4354,1,Black,100,75,1079.99,40,38-40 CM,25.77,4,M ,647.994,M ,U ,Mountain-300,,,
366,BK-M47B-44,1,LB ,CM ,"Mountain-300 Black, 44",598.4354,1,Black,100,75,1079.99,44,42-46 CM,26.13,4,M ,647.994,M ,U ,Mountain-300,,,
367,BK-M47B-48,1,LB ,CM ,"Mountain-300 Black, 48",598.4354,1,Black,100,75,1079.99,48,48-52 CM,26.42,4,M ,647.994,M ,U ,Mountain-300,,,
368,BK-R89R-44,2,LB ,CM ,"Road-250 Red, 44",1518.7864,1,Red,100,75,2443.35,44,42-46 CM,14.77,4,R ,1466.01,H ,U ,Road-250,,,
369,BK-R89R-48,2,LB ,CM ,"Road-250 Red, 48",1518.7864,1,Red,100,75,2443.35,48,48-52 CM,15.13,4,R ,1466.01,H ,U ,Road-250,,,
370,BK-R89R-52,2,LB ,CM ,"Road-250 Red, 52",1518.7864,1,Red,100,75,2443.35,52,48-52 CM,15.42,4,R ,1466.01,H ,U ,Road-250,,,
371,BK-R89R-58,2,LB ,CM ,"Road-250 Red, 58",1320.6838,1,Red,100,75,2181.5625,58,54-58 CM,15.79,4,R ,1308.9375,H ,U ,Road-250,,,
372,BK-R89R-58,2,LB ,CM ,"Road-250 Red, 58",1554.9479,1,Red,100,75,2443.35,58,54-58 CM,15.79,4,R ,1466.01,H ,U ,Road-250,,,
373,BK-R89B-44,2,LB ,CM ,"Road-250 Black, 44",1320.6838,1,Black,100,75,2181.5625,44,42-46 CM,14.77,4,R ,1308.9375,H ,U ,Road-250,,,
374,BK-R89B-44,2,LB ,CM ,"Road-250 Black, 44",1554.9479,1,Black,100,75,2443.35,44,42-46 CM,14.77,4,R ,1466.01,H ,U ,Road-250,,,
375,BK-R89B-48,2,LB ,CM ,"Road-250 Black, 48",1320.6838,1,Black,100,75,2181.5625,48,48-52 CM,15.13,4,R ,1308.9375,H ,U ,Road-250,,,
376,BK-R89B-48,2,LB ,CM ,"Road-250 Black, 48",1554.9479,1,Black,100,75,2443.35,48,48-52 CM,15.13,4,R ,1466.01,H ,U ,Road-250,,,
377,BK-R89B-52,2,LB ,CM ,"Road-250 Black, 52",1320.6838,1,Black,100,75,2181.5625,52,48-52 CM,15.42,4,R ,1308.9375,H ,U ,Road-250,,,
378,BK-R89B-52,2,LB ,CM ,"Road-250 Black, 52",1554.9479,1,Black,100,75,2443.35,52,48-52 CM,15.42,4,R ,1466.01,H ,U ,Road-250,,,
379,BK-R89B-58,2,LB ,CM ,"Road-250 Black, 58",1320.6838,1,Black,100,75,2181.5625,58,54-58 CM,15.68,4,R ,1308.9375,H ,U ,Road-250,,,
380,BK-R89B-58,2,LB ,CM ,"Road-250 Black, 58",1554.9479,1,Black,100,75,2443.35,58,54-58 CM,15.68,4,R ,1466.01,H ,U ,Road-250,,,
381,BK-R64Y-38,2,LB ,CM ,"Road-550-W Yellow, 38",605.6492,1,Yellow,100,75,1000.4375,38,38-40 CM,17.35,4,R ,600.2625,M ,W ,Road-550-W,,,
382,BK-R64Y-38,2,LB ,CM ,"Road-550-W Yellow, 38",713.0798,1,Yellow,100,75,1120.49,38,38-40 CM,17.35,4,R ,672.294,M ,W ,Road-550-W,,,
383,BK-R64Y-40,2,LB ,CM ,"Road-550-W Yellow, 40",605.6492,1,Yellow,100,75,1000.4375,40,38-40 CM,17.77,4,R ,600.2625,M ,W ,Road-550-W,,,
384,BK-R64Y-40,2,LB ,CM ,"Road-550-W Yellow, 40",713.0798,1,Yellow,100,75,1120.49,40,38-40 CM,17.77,4,R ,672.294,M ,W ,Road-550-W,,,
385,BK-R64Y-42,2,LB ,CM ,"Road-550-W Yellow, 42",605.6492,1,Yellow,100,75,1000.4375,42,42-46 CM,18.13,4,R ,600.2625,M ,W ,Road-550-W,,,
386,BK-R64Y-42,2,LB ,CM ,"Road-550-W Yellow, 42",713.0798,1,Yellow,100,75,1120.49,42,42-46 CM,18.13,4,R ,672.294,M ,W ,Road-550-W,,,
387,BK-R64Y-44,2,LB ,CM ,"Road-550-W Yellow, 44",605.6492,1,Yellow,100,75,1000.4375,44,42-46 CM,18.42,4,R ,600.2625,M ,W ,Road-550-W,,,
388,BK-R64Y-44,2,LB ,CM ,"Road-550-W Yellow, 44",713.0798,1,Yellow,100,75,1120.49,44,42-46 CM,18.42,4,R ,672.294,M ,W ,Road-550-W,,,
389,BK-R64Y-48,2,LB ,CM ,"Road-550-W Yellow, 48",605.6492,1,Yellow,100,75,1000.4375,48,48-52 CM,18.68,4,R ,600.2625,M ,W ,Road-550-W,,,
390,BK-R64Y-48,2,LB ,CM ,"Road-550-W Yellow, 48",713.0798,1,Yellow,100,75,1120.49,48,48-52 CM,18.68,4,R ,672.294,M ,W ,Road-550-W,,,
391,FK-1639,10,NULL,NULL,LL Fork,65.8097,1,NA,500,375,148.22,NULL,NA,NULL,1,NULL,88.932,L ,NULL,LL Fork,00:00.0,00:00.0,NULL
392,FK-5136,10,NULL,NULL,ML Fork,77.9176,1,NA,500,375,175.49,NULL,NA,NULL,1,NULL,105.294,M ,NULL,ML Fork,00:00.0,00:00.0,NULL
393,FK-9939,10,NULL,NULL,HL Fork,101.8936,1,NA,500,375,229.49,NULL,NA,NULL,1,NULL,137.694,H ,NULL,HL Fork,00:00.0,00:00.0,NULL
394,HS-0296,11,NULL,NULL,LL Headset,15.1848,1,NA,500,375,34.2,NULL,NA,NULL,1,NULL,20.52,L ,NULL,LL Headset,00:00.0,00:00.0,NULL
395,HS-2451,11,NULL,NULL,ML Headset,45.4168,1,NA,500,375,102.29,NULL,NA,NULL,1,NULL,61.374,M ,NULL,ML Headset,00:00.0,00:00.0,NULL
396,HS-3479,11,NULL,NULL,HL Headset,55.3801,1,NA,500,375,124.73,NULL,NA,NULL,1,NULL,74.838,H ,NULL,HL Headset,00:00.0,00:00.0,NULL
397,HB-M243,4,NULL,NULL,LL Mountain Handlebars,17.978,1,NA,500,375,40.4909,NULL,NA,NULL,1,M ,24.2945,L ,NULL,LL Mountain Handlebars,00:00.0,00:00.0,NULL
398,HB-M243,4,NULL,NULL,LL Mountain Handlebars,19.7758,1,NA,500,375,44.54,NULL,NA,NULL,1,M ,26.724,L ,NULL,LL Mountain Handlebars,00:00.0,NULL,Current
399,HB-M763,4,NULL,NULL,ML Mountain Handlebars,24.9932,1,NA,500,375,56.2909,NULL,NA,NULL,1,M ,33.7745,M ,NULL,ML Mountain Handlebars,00:00.0,00:00.0,NULL
400,HB-M763,4,NULL,NULL,ML Mountain Handlebars,27.4925,1,NA,500,375,61.92,NULL,NA,NULL,1,M ,37.152,M ,NULL,ML Mountain Handlebars,00:00.0,NULL,Current
401,HB-M918,4,NULL,NULL,HL Mountain Handlebars,48.5453,1,NA,500,375,109.3364,NULL,NA,NULL,1,M ,65.6018,H ,NULL,HL Mountain Handlebars,00:00.0,00:00.0,NULL
402,HB-M918,4,NULL,NULL,HL Mountain Handlebars,53.3999,1,NA,500,375,120.27,NULL,NA,NULL,1,M ,72.162,H ,NULL,HL Mountain Handlebars,00:00.0,NULL,Current
403,HB-R504,4,NULL,NULL,LL Road Handlebars,17.978,1,NA,500,375,40.4909,NULL,NA,NULL,1,R ,24.2945,L ,NULL,LL Road Handlebars,00:00.0,00:00.0,NULL
404,HB-R504,4,NULL,NULL,LL Road Handlebars,19.7758,1,NA,500,375,44.54,NULL,NA,NULL,1,R ,26.724,L ,NULL,LL Road Handlebars,00:00.0,NULL,Current
405,HB-R720,4,NULL,NULL,ML Road Handlebars,24.9932,1,NA,500,375,56.2909,NULL,NA,NULL,1,R ,33.7745,M ,NULL,ML Road Handlebars,00:00.0,00:00.0,NULL
406,HB-R720,4,NULL,NULL,ML Road Handlebars,27.4925,1,NA,500,375,61.92,NULL,NA,NULL,1,R ,37.152,M ,NULL,ML Road Handlebars,00:00.0,NULL,Current
407,HB-R956,4,NULL,NULL,HL Road Handlebars,48.5453,1,NA,500,375,109.3364,NULL,NA,NULL,1,R ,65.6018,H ,NULL,HL Road Handlebars,00:00.0,00:00.0,NULL
408,HB-R956,4,NULL,NULL,HL Road Handlebars,53.3999,1,NA,500,375,120.27,NULL,NA,NULL,1,R ,72.162,H ,NULL,HL Road Handlebars,00:00.0,NULL,Current
409,FR-M63B-38,12,LB ,CM ,"ML Mountain Frame - Black, 38",185.8193,1,Black,500,375,348.76,38,38-40 CM,2.73,2,M ,209.256,M ,U ,ML Mountain Frame-W,00:00.0,00:00.0,NULL
410,FW-M423,17,NULL,NULL,LL Mountain Front Wheel,26.9708,1,Black,500,375,60.745,NULL,NA,NULL,1,M ,36.447,L ,NULL,LL Mountain Front Wheel,,,
411,FW-M762,17,NULL,NULL,ML Mountain Front Wheel,92.8071,1,Black,500,375,209.025,NULL,NA,NULL,1,M ,125.415,M ,NULL,ML Mountain Front Wheel,,,
412,FW-M928,17,NULL,NULL,HL Mountain Front Wheel,133.2955,1,Black,500,375,300.215,NULL,NA,NULL,1,M ,180.129,H ,NULL,HL Mountain Front Wheel,,,
413,FW-R623,17,G  ,NULL,LL Road Front Wheel,37.9909,1,Black,500,375,85.565,NULL,NA,900,1,R ,51.339,L ,NULL,LL Road Front Wheel,,,
414,FW-R762,17,G  ,NULL,ML Road Front Wheel,110.2829,1,Black,500,375,248.385,NULL,NA,850,1,R ,149.031,M ,NULL,ML Road Front Wheel,,,
415,FW-R820,17,G  ,NULL,HL Road Front Wheel,146.5466,1,Black,500,375,330.06,NULL,NA,650,1,R ,198.036,H ,NULL,HL Road Front Wheel,,,
416,FW-T905,17,NULL,NULL,Touring Front Wheel,96.7964,1,Black,500,375,218.01,NULL,NA,NULL,1,T ,130.806,NULL,NULL,Touring Front Wheel,,,
417,FR-R72Y-38,14,LB ,CM ,"ML Road Frame-W - Yellow, 38",300.1188,1,Yellow,500,375,540.7545,38,38-40 CM,2.18,2,R ,324.4527,M ,W ,ML Road Frame-W,00:00.0,00:00.0,NULL
418,FR-R72Y-38,14,LB ,CM ,"ML Road Frame-W - Yellow, 38",360.9428,1,Yellow,500,375,594.83,38,38-40 CM,2.18,2,R ,356.898,M ,W ,ML Road Frame-W,00:00.0,NULL,Current
419,RW-M423,17,NULL,NULL,LL Mountain Rear Wheel,38.9588,1,Black,500,375,87.745,NULL,NA,NULL,1,M ,52.647,L ,NULL,LL Mountain Rear Wheel,,,
420,RW-M762,17,NULL,NULL,ML Mountain Rear Wheel,104.7951,1,Black,500,375,236.025,NULL,NA,NULL,1,M ,141.615,M ,NULL,ML Mountain Rear Wheel,,,
421,RW-M928,17,NULL,NULL,HL Mountain Rear Wheel,145.2835,1,Black,500,375,327.215,NULL,NA,NULL,1,M ,196.329,H ,NULL,HL Mountain Rear Wheel,,,
422,RW-R623,17,G  ,NULL,LL Road Rear Wheel,49.9789,1,Black,500,375,112.565,NULL,NA,1050,1,R ,67.539,L ,NULL,LL Road Rear Wheel,,,
423,RW-R762,17,G  ,NULL,ML Road Rear Wheel,122.2709,1,Black,500,375,275.385,NULL,NA,1000,1,R ,165.231,M ,NULL,ML Road Rear Wheel,,,
424,RW-R820,17,G  ,NULL,HL Road Rear Wheel,158.5346,1,Black,500,375,357.06,NULL,NA,890,1,R ,214.236,H ,NULL,HL Road Rear Wheel,,,
425,RW-T905,17,NULL,NULL,Touring Rear Wheel,108.7844,1,Black,500,375,245.01,NULL,NA,NULL,1,T ,147.006,NULL,NULL,Touring Rear Wheel,,,
426,FR-M63B-40,12,LB ,CM ,"ML Mountain Frame - Black, 40",185.8193,1,Black,500,375,348.76,40,38-40 CM,2.77,1,M ,209.256,M ,U ,ML Mountain Frame,00:00.0,00:00.0,NULL
427,FR-M63B-44,12,LB ,CM ,"ML Mountain Frame - Black, 44",185.8193,1,Black,500,375,348.76,44,42-46 CM,2.81,1,M ,209.256,M ,U ,ML Mountain Frame,00:00.0,00:00.0,NULL
428,FR-M63B-48,12,LB ,CM ,"ML Mountain Frame - Black, 48",185.8193,1,Black,500,375,348.76,48,48-52 CM,2.85,1,M ,209.256,M ,U ,ML Mountain Frame,00:00.0,00:00.0,NULL
429,FR-R72Y-40,14,LB ,CM ,"ML Road Frame-W - Yellow, 40",300.1188,1,Yellow,500,375,540.7545,40,38-40 CM,2.22,1,R ,324.4527,M ,W ,ML Road Frame-W,00:00.0,00:00.0,NULL
430,FR-R72Y-40,14,LB ,CM ,"ML Road Frame-W - Yellow, 40",360.9428,1,Yellow,500,375,594.83,40,38-40 CM,2.22,1,R ,356.898,M ,W ,ML Road Frame-W,00:00.0,NULL,Current
431,FR-R72Y-42,14,LB ,CM ,"ML Road Frame-W - Yellow, 42",300.1188,1,Yellow,500,375,540.7545,42,42-46 CM,2.26,1,R ,324.4527,M ,W ,ML Road Frame-W,00:00.0,00:00.0,NULL
432,FR-R72Y-42,14,LB ,CM ,"ML Road Frame-W - Yellow, 42",360.9428,1,Yellow,500,375,594.83,42,42-46 CM,2.26,1,R ,356.898,M ,W ,ML Road Frame-W,00:00.0,NULL,Current
433,FR-R72Y-44,14,LB ,CM ,"ML Road Frame-W - Yellow, 44",300.1188,1,Yellow,500,375,540.7545,44,42-46 CM,2.3,1,R ,324.4527,M ,W ,ML Road Frame-W,00:00.0,00:00.0,NULL
434,FR-R72Y-44,14,LB ,CM ,"ML Road Frame-W - Yellow, 44",360.9428,1,Yellow,500,375,594.83,44,42-46 CM,2.3,1,R ,356.898,M ,W ,ML Road Frame-W,00:00.0,NULL,Current
435,FR-R72Y-48,14,LB ,CM ,"ML Road Frame-W - Yellow, 48",300.1188,1,Yellow,500,375,540.7545,48,48-52 CM,2.34,1,R ,324.4527,M ,W ,ML Road Frame-W,00:00.0,00:00.0,NULL
436,FR-R72Y-48,14,LB ,CM ,"ML Road Frame-W - Yellow, 48",360.9428,1,Yellow,500,375,594.83,48,48-52 CM,2.34,1,R ,356.898,M ,W ,ML Road Frame-W,00:00.0,NULL,Current
437,FR-R92B-62,14,LB ,CM ,"HL Road Frame - Black, 62",722.2568,1,Black,500,375,1301.3636,62,60-62 CM,2.3,1,R ,780.8182,H ,U ,HL Road Frame,00:00.0,00:00.0,NULL
438,FR-R92B-62,14,LB ,CM ,"HL Road Frame - Black, 62",868.6342,1,Black,500,375,1431.5,62,60-62 CM,2.3,1,R ,858.9,H ,U ,HL Road Frame,00:00.0,NULL,Current
439,FR-R92B-44,14,LB ,CM ,"HL Road Frame - Black, 44",722.2568,1,Black,500,375,1301.3636,44,42-46 CM,2.12,1,R ,780.8182,H ,U ,HL Road Frame,00:00.0,00:00.0,NULL
440,FR-R92B-44,14,LB ,CM ,"HL Road Frame - Black, 44",868.6342,1,Black,500,375,1431.5,44,42-46 CM,2.12,1,R ,858.9,H ,U ,HL Road Frame,00:00.0,NULL,Current
441,FR-R92B-48,14,LB ,CM ,"HL Road Frame - Black, 48",722.2568,1,Black,500,375,1301.3636,48,48-52 CM,2.16,1,R ,780.8182,H ,U ,HL Road Frame,00:00.0,00:00.0,NULL
442,FR-R92B-48,14,LB ,CM ,"HL Road Frame - Black, 48",868.6342,1,Black,500,375,1431.5,48,48-52 CM,2.16,1,R ,858.9,H ,U ,HL Road Frame,00:00.0,NULL,Current
443,FR-R92B-52,14,LB ,CM ,"HL Road Frame - Black, 52",722.2568,1,Black,500,375,1301.3636,52,48-52 CM,2.2,1,R ,780.8182,H ,U ,HL Road Frame,00:00.0,00:00.0,NULL
444,FR-R92B-52,14,LB ,CM ,"HL Road Frame - Black, 52",868.6342,1,Black,500,375,1431.5,52,48-52 CM,2.2,1,R ,858.9,H ,U ,HL Road Frame,00:00.0,NULL,Current
445,SH-M897-S,22,NULL,NULL,"Men's Sports Shorts, S",24.7459,1,Black,4,3,59.99,S,S,NULL,0,S ,35.994,NULL,M ,Men's Sports Shorts,00:00.0,00:00.0,NULL
446,PA-T100,35,NULL,NULL,"Touring-Panniers, Large",51.5625,1,Grey,4,3,125,NULL,NA,NULL,0,T ,75,NULL,NULL,Touring-Panniers,00:00.0,00:00.0,NULL
447,LO-C100,34,NULL,NULL,Cable Lock,10.3125,1,NA,4,3,25,NULL,NA,NULL,0,S ,15,NULL,NULL,Cable Lock,,,
448,PU-0452,36,NULL,NULL,Minipump,8.2459,1,NA,4,3,19.99,NULL,NA,NULL,0,S ,11.994,NULL,NULL,Minipump,00:00.0,00:00.0,NULL
449,PU-M044,36,NULL,NULL,Mountain Pump,10.3084,1,NA,4,3,24.99,NULL,NA,NULL,0,M ,14.994,NULL,NULL,Mountain Pump,00:00.0,00:00.0,NULL
450,LT-T990,33,NULL,NULL,Taillights - Battery-Powered,5.7709,1,NA,4,3,13.99,NULL,NA,NULL,0,R ,8.394,NULL,NULL,Taillight,,,
451,LT-H902,33,NULL,NULL,Headlights - Dual-Beam,14.4334,1,NA,4,3,34.99,NULL,NA,NULL,0,R ,20.994,NULL,NULL,Headlights - Dual-Beam,,,
452,LT-H903,33,NULL,NULL,Headlights - Weatherproof,18.5584,1,NA,4,3,44.99,NULL,NA,NULL,0,R ,26.994,NULL,NULL,Headlights - Weatherproof,00:00.0,00:00.0,NULL
453,SH-M897-M,22,NULL,NULL,"Men's Sports Shorts, M",24.7459,1,Black,4,3,59.99,M,M,NULL,0,S ,35.994,NULL,M ,Men's Sports Shorts,00:00.0,00:00.0,NULL
454,SH-M897-L,22,NULL,NULL,"Men's Sports Shorts, L",24.7459,1,Black,4,3,59.99,L,L,NULL,0,S ,35.994,NULL,M ,Men's Sports Shorts,00:00.0,00:00.0,NULL
455,SH-M897-X,22,NULL,NULL,"Men's Sports Shorts, XL",24.7459,1,Black,4,3,59.99,XL,XL,NULL,0,S ,35.994,NULL,M ,Men's Sports Shorts,00:00.0,00:00.0,NULL
456,TG-W091-S,24,NULL,NULL,"Women's Tights, S",30.9334,1,Black,4,3,74.99,S,S,NULL,0,S ,44.994,NULL,W ,Women's Tights,00:00.0,00:00.0,NULL
457,TG-W091-M,24,NULL,NULL,"Women's Tights, M",30.9334,1,Black,4,3,74.99,M,M,NULL,0,S ,44.994,NULL,W ,Women's Tights,00:00.0,00:00.0,NULL
458,TG-W091-L,24,NULL,NULL,"Women's Tights, L",30.9334,1,Black,4,3,74.99,L,L,NULL,0,S ,44.994,NULL,W ,Women's Tights,00:00.0,00:00.0,NULL
459,SB-M891-S,18,NULL,NULL,"Men's Bib-Shorts, S",37.1209,1,Multi,4,3,89.99,S,S,NULL,0,S ,53.994,NULL,M ,Men's Bib-Shorts,00:00.0,00:00.0,NULL
460,SB-M891-M,18,NULL,NULL,"Men's Bib-Shorts, M",37.1209,1,Multi,4,3,89.99,M,M,NULL,0,S ,53.994,NULL,M ,Men's Bib-Shorts,00:00.0,00:00.0,NULL
461,SB-M891-L,18,NULL,NULL,"Men's Bib-Shorts, L",37.1209,1,Multi,4,3,89.99,L,L,NULL,0,S ,53.994,NULL,M ,Men's Bib-Shorts,00:00.0,00:00.0,NULL
462,GL-H102-S,20,NULL,NULL,"Half-Finger Gloves, S",9.7136,1,Black,4,3,23.5481,S,S,NULL,0,S ,14.1289,NULL,U ,Half-Finger Gloves,00:00.0,00:00.0,NULL
463,GL-H102-S,20,NULL,NULL,"Half-Finger Gloves, S",9.1593,1,Black,4,3,24.49,S,S,NULL,0,S ,14.694,NULL,U ,Half-Finger Gloves,00:00.0,NULL,Current
464,GL-H102-M,20,NULL,NULL,"Half-Finger Gloves, M",9.7136,1,Black,4,3,23.5481,M,M,NULL,0,S ,14.1289,NULL,U ,Half-Finger Gloves,00:00.0,00:00.0,NULL
465,GL-H102-M,20,NULL,NULL,"Half-Finger Gloves, M",9.1593,1,Black,4,3,24.49,M,M,NULL,0,S ,14.694,NULL,U ,Half-Finger Gloves,00:00.0,NULL,Current
466,GL-H102-L,20,NULL,NULL,"Half-Finger Gloves, L",9.7136,1,Black,4,3,23.5481,L,L,NULL,0,S ,14.1289,NULL,U ,Half-Finger Gloves,00:00.0,00:00.0,NULL
467,GL-H102-L,20,NULL,NULL,"Half-Finger Gloves, L",9.1593,1,Black,4,3,24.49,L,L,NULL,0,S ,14.694,NULL,U ,Half-Finger Gloves,00:00.0,NULL,Current
468,GL-F110-S,20,NULL,NULL,"Full-Finger Gloves, S",15.6709,1,Black,4,3,37.99,S,S,NULL,0,M ,22.794,NULL,U ,Full-Finger Gloves,00:00.0,00:00.0,NULL
469,GL-F110-M,20,NULL,NULL,"Full-Finger Gloves, M",15.6709,1,Black,4,3,37.99,M,M,NULL,0,M ,22.794,NULL,U ,Full-Finger Gloves,00:00.0,00:00.0,NULL
470,GL-F110-L,20,NULL,NULL,"Full-Finger Gloves, L",15.6709,1,Black,4,3,37.99,L,L,NULL,0,M ,22.794,NULL,U ,Full-Finger Gloves,00:00.0,00:00.0,NULL
471,VE-C304-S,25,NULL,NULL,"Classic Vest, S",23.749,1,Blue,4,3,63.5,S,S,NULL,0,S ,38.1,NULL,U ,Classic Vest,00:00.0,NULL,Current
472,VE-C304-M,25,NULL,NULL,"Classic Vest, M",23.749,1,Blue,4,3,63.5,M,M,NULL,0,S ,38.1,NULL,U ,Classic Vest,00:00.0,NULL,Current
473,VE-C304-L,25,NULL,NULL,"Classic Vest, L",23.749,1,Blue,4,3,63.5,L,L,NULL,0,S ,38.1,NULL,U ,Classic Vest,00:00.0,NULL,Current
474,SH-W890-S,22,NULL,NULL,"Women's Mountain Shorts, S",26.1763,1,Black,4,3,69.99,S,S,NULL,0,M ,41.994,NULL,W ,Women's Mountain Shorts,00:00.0,NULL,Current
475,SH-W890-M,22,NULL,NULL,"Women's Mountain Shorts, M",26.1763,1,Black,4,3,69.99,M,M,NULL,0,M ,41.994,NULL,W ,Women's Mountain Shorts,00:00.0,NULL,Current
476,SH-W890-L,22,NULL,NULL,"Women's Mountain Shorts, L",26.1763,1,Black,4,3,69.99,L,L,NULL,0,M ,41.994,NULL,W ,Women's Mountain Shorts,00:00.0,NULL,Current
477,WB-H098,28,NULL,NULL,Water Bottle - 30 oz.,1.8663,1,NA,4,3,4.99,NULL,NA,NULL,0,S ,2.994,NULL,NULL,Water Bottle,00:00.0,NULL,Current
478,BC-M005,28,NULL,NULL,Mountain Bottle Cage,3.7363,1,NA,4,3,9.99,NULL,NA,NULL,0,M ,5.994,NULL,NULL,Mountain Bottle Cage,00:00.0,NULL,Current
479,BC-R205,28,NULL,NULL,Road Bottle Cage,3.3623,1,NA,4,3,8.99,NULL,NA,NULL,0,R ,5.394,NULL,NULL,Road Bottle Cage,00:00.0,NULL,Current
480,PK-7098,37,NULL,NULL,Patch Kit/8 Patches,0.8565,1,NA,4,3,2.29,NULL,NA,NULL,0,S ,1.374,NULL,NULL,Patch kit,00:00.0,NULL,Current
481,SO-R809-M,23,NULL,NULL,"Racing Socks, M",3.3623,1,White,4,3,8.99,M,M,NULL,0,R ,5.394,NULL,U ,Racing Socks,00:00.0,NULL,Current
482,SO-R809-L,23,NULL,NULL,"Racing Socks, L",3.3623,1,White,4,3,8.99,L,L,NULL,0,R ,5.394,NULL,U ,Racing Socks,00:00.0,NULL,Current
483,RA-H123,26,NULL,NULL,Hitch Rack - 4-Bike,44.88,1,NA,4,3,120,NULL,NA,NULL,0,S ,72,NULL,NULL,Hitch Rack - 4-Bike,00:00.0,NULL,Current
484,CL-9009,29,NULL,NULL,Bike Wash - Dissolver,2.9733,1,NA,4,3,7.95,NULL,NA,NULL,0,S ,4.77,NULL,NULL,Bike Wash,00:00.0,NULL,Current
485,FE-6654,30,NULL,NULL,Fender Set - Mountain,8.2205,1,NA,4,3,21.98,NULL,NA,NULL,0,M ,13.188,NULL,NULL,Fender Set - Mountain,00:00.0,NULL,Current
486,ST-1401,27,NULL,NULL,All-Purpose Bike Stand,59.466,1,NA,4,3,159,NULL,NA,NULL,0,M ,95.4,NULL,NULL,All-Purpose Bike Stand,00:00.0,NULL,Current
487,HY-1023-70,32,NULL,NULL,Hydration Pack - 70 oz.,20.5663,1,Silver,4,3,54.99,70,70,NULL,0,S ,32.994,NULL,NULL,Hydration Pack,00:00.0,NULL,Current
488,SJ-0194-S,21,NULL,NULL,"Short-Sleeve Classic Jersey, S",41.5723,1,Yellow,4,3,53.99,S,S,NULL,0,S ,32.394,NULL,U ,Short-Sleeve Classic Jersey,00:00.0,NULL,Current
489,SJ-0194-M,21,NULL,NULL,"Short-Sleeve Classic Jersey, M",41.5723,1,Yellow,4,3,53.99,M,M,NULL,0,S ,32.394,NULL,U ,Short-Sleeve Classic Jersey,00:00.0,NULL,Current
490,SJ-0194-L,21,NULL,NULL,"Short-Sleeve Classic Jersey, L",41.5723,1,Yellow,4,3,53.99,L,L,NULL,0,S ,32.394,NULL,U ,Short-Sleeve Classic Jersey,00:00.0,NULL,Current
491,SJ-0194-X,21,NULL,NULL,"Short-Sleeve Classic Jersey, XL",41.5723,1,Yellow,4,3,53.99,XL,XL,NULL,0,S ,32.394,NULL,U ,Short-Sleeve Classic Jersey,00:00.0,NULL,Current
492,FR-T98Y-60,16,LB ,CM ,"HL Touring Frame - Yellow, 60",601.7437,1,Yellow,500,375,1003.91,60,60-62 CM,3.08,1,T ,602.346,H ,U ,HL Touring Frame,00:00.0,NULL,Current
493,FR-T67Y-62,16,LB ,CM ,"LL Touring Frame - Yellow, 62",199.8519,1,Yellow,500,375,333.42,62,60-62 CM,3.2,1,T ,200.052,L ,U ,LL Touring Frame,,,
495,FR-T98Y-50,16,LB ,CM ,"HL Touring Frame - Yellow, 50",601.7437,1,Yellow,500,375,1003.91,50,48-52 CM,3,1,T ,602.346,H ,U ,HL Touring Frame,00:00.0,NULL,Current
496,FR-T98Y-54,16,LB ,CM ,"HL Touring Frame - Yellow, 54",601.7437,1,Yellow,500,375,1003.91,54,54-58 CM,3.04,1,T ,602.346,H ,U ,HL Touring Frame,00:00.0,NULL,Current
497,FR-T98U-46,16,LB ,CM ,"HL Touring Frame - Blue, 46",601.7437,1,Blue,500,375,1003.91,46,42-46 CM,2.96,1,T ,602.346,H ,U ,HL Touring Frame,00:00.0,NULL,Current
498,FR-T98U-50,16,LB ,CM ,"HL Touring Frame - Blue, 50",601.7437,1,Blue,500,375,1003.91,50,48-52 CM,3,1,T ,602.346,H ,U ,HL Touring Frame,00:00.0,NULL,Current
499,FR-T98U-54,16,LB ,CM ,"HL Touring Frame - Blue, 54",601.7437,1,Blue,500,375,1003.91,54,54-58 CM,3.04,1,T ,602.346,H ,U ,HL Touring Frame,00:00.0,NULL,Current
500,FR-T98U-60,16,LB ,CM ,"HL Touring Frame - Blue, 60",601.7437,1,Blue,500,375,1003.91,60,60-62 CM,3.08,1,T ,602.346,H ,U ,HL Touring Frame,00:00.0,NULL,Current
501,RD-2308,9,G  ,NULL,Rear Derailleur,53.9282,1,Silver,500,375,121.46,NULL,NA,215,1,NULL,72.876,NULL,NULL,Rear Derailleur,00:00.0,NULL,Current
502,FR-T67U-50,16,LB ,CM ,"LL Touring Frame - Blue, 50",199.8519,1,Blue,500,375,333.42,50,48-52 CM,3.1,1,T ,200.052,L ,U ,LL Touring Frame,00:00.0,NULL,Current
503,FR-T67U-54,16,LB ,CM ,"LL Touring Frame - Blue, 54",199.8519,1,Blue,500,375,333.42,54,54-58 CM,3.14,1,T ,200.052,L ,U ,LL Touring Frame,00:00.0,NULL,Current
504,FR-T67U-58,16,LB ,CM ,"LL Touring Frame - Blue, 58",199.8519,1,Blue,500,375,333.42,58,54-58 CM,3.16,1,T ,200.052,L ,U ,LL Touring Frame,00:00.0,NULL,Current
505,FR-T67U-62,16,LB ,CM ,"LL Touring Frame - Blue, 62",199.8519,1,Blue,500,375,333.42,62,60-62 CM,3.2,1,T ,200.052,L ,U ,LL Touring Frame,00:00.0,NULL,Current
506,FR-T67Y-44,16,LB ,CM ,"LL Touring Frame - Yellow, 44",199.8519,1,Yellow,500,375,333.42,44,42-46 CM,3.02,1,T ,200.052,L ,U ,LL Touring Frame,,,
507,FR-T67Y-50,16,LB ,CM ,"LL Touring Frame - Yellow, 50",199.8519,1,Yellow,500,375,333.42,50,48-52 CM,3.1,1,T ,200.052,L ,U ,LL Touring Frame,,,
509,FR-T67Y-58,16,LB ,CM ,"LL Touring Frame - Yellow, 58",199.8519,1,Yellow,500,375,333.42,58,54-58 CM,3.16,1,T ,200.052,L ,U ,LL Touring Frame,,,
511,FR-M63S-40,12,LB ,CM ,"ML Mountain Frame-W - Silver, 40",199.3757,1,Silver,500,375,364.09,40,38-40 CM,2.77,1,M ,218.454,M ,W ,ML Mountain Frame-W,00:00.0,NULL,Current
513,FR-M63S-46,12,LB ,CM ,"ML Mountain Frame-W - Silver, 46",199.3757,1,Silver,500,375,364.09,46,42-46 CM,2.85,1,M ,218.454,M ,W ,ML Mountain Frame-W,00:00.0,NULL,Current
515,SE-M236,15,NULL,NULL,LL Mountain Seat/Saddle,12.0413,1,NA,500,375,27.12,NULL,NA,NULL,1,M ,16.272,L ,NULL,LL Mountain Seat/Saddle 2,00:00.0,NULL,Current
516,SE-M798,15,NULL,NULL,ML Mountain Seat/Saddle,17.3782,1,NA,500,375,39.14,NULL,NA,NULL,1,M ,23.484,M ,NULL,ML Mountain Seat/Saddle 2,00:00.0,NULL,Current
517,SE-M940,15,NULL,NULL,HL Mountain Seat/Saddle,23.3722,1,NA,500,375,52.64,NULL,NA,NULL,1,M ,31.584,H ,NULL,HL Mountain Seat/Saddle 2,00:00.0,NULL,Current
518,SE-R581,15,NULL,NULL,LL Road Seat/Saddle,12.0413,1,NA,500,375,27.12,NULL,NA,NULL,1,R ,16.272,L ,NULL,LL Road Seat/Saddle 1,00:00.0,NULL,Current
519,SE-R908,15,NULL,NULL,ML Road Seat/Saddle,17.3782,1,NA,500,375,39.14,NULL,NA,NULL,1,T ,23.484,M ,NULL,ML Road Seat/Saddle 2,00:00.0,NULL,Current
520,SE-R995,15,NULL,NULL,HL Road Seat/Saddle,23.3722,1,NA,500,375,52.64,NULL,NA,NULL,1,R ,31.584,H ,NULL,HL Road Seat/Saddle 2,00:00.0,NULL,Current
521,SE-T312,15,NULL,NULL,LL Touring Seat/Saddle,12.0413,1,NA,500,375,27.12,NULL,NA,NULL,1,T ,16.272,L ,NULL,LL Touring Seat/Saddle,00:00.0,NULL,Current
522,SE-T762,15,NULL,NULL,ML Touring Seat/Saddle,17.3782,1,NA,500,375,39.14,NULL,NA,NULL,1,T ,23.484,M ,NULL,ML Touring Seat/Saddle,00:00.0,NULL,Current
523,SE-T924,15,NULL,NULL,HL Touring Seat/Saddle,23.3722,1,NA,500,375,52.64,NULL,NA,NULL,1,T ,31.584,H ,NULL,HL Touring Seat/Saddle,00:00.0,NULL,Current
524,FR-M21S-42,12,LB ,CM ,"LL Mountain Frame - Silver, 42",144.5938,1,Silver,500,375,264.05,42,42-46 CM,2.92,1,M ,158.43,L ,U ,LL Mountain Frame,00:00.0,NULL,Current
525,FR-M21S-44,12,LB ,CM ,"LL Mountain Frame - Silver, 44",144.5938,1,Silver,500,375,264.05,44,42-46 CM,2.96,1,M ,158.43,L ,U ,LL Mountain Frame,00:00.0,NULL,Current
526,FR-M21S-48,12,LB ,CM ,"LL Mountain Frame - Silver, 48",144.5938,1,Silver,500,375,264.05,48,48-52 CM,3,1,M ,158.43,L ,U ,LL Mountain Frame,00:00.0,NULL,Current
527,FR-M21S-52,12,LB ,CM ,"LL Mountain Frame - Silver, 52",144.5938,1,Silver,500,375,264.05,52,48-52 CM,3.04,1,M ,158.43,L ,U ,LL Mountain Frame,00:00.0,NULL,Current
528,TT-M928,37,NULL,NULL,Mountain Tire Tube,1.8663,1,NA,500,375,4.99,NULL,NA,NULL,0,M ,2.994,NULL,NULL,Mountain Tire Tube,00:00.0,NULL,Current
529,TT-R982,37,NULL,NULL,Road Tire Tube,1.4923,1,NA,500,375,3.99,NULL,NA,NULL,0,R ,2.394,NULL,NULL,Road Tire Tube,00:00.0,NULL,Current
530,TT-T092,37,NULL,NULL,Touring Tire Tube,1.8663,1,NA,500,375,4.99,NULL,NA,NULL,0,T ,2.994,NULL,NULL,Touring Tire Tube,00:00.0,NULL,Current
531,FR-M21B-42,12,LB ,CM ,"LL Mountain Frame - Black, 42",136.785,1,Black,500,375,249.79,42,42-46 CM,2.92,1,M ,149.874,L ,U ,LL Mountain Frame,00:00.0,NULL,Current
532,FR-M21B-44,12,LB ,CM ,"LL Mountain Frame - Black, 44",136.785,1,Black,500,375,249.79,44,42-46 CM,2.96,1,M ,149.874,L ,U ,LL Mountain Frame,00:00.0,NULL,Current
533,FR-M21B-48,12,LB ,CM ,"LL Mountain Frame - Black, 48",136.785,1,Black,500,375,249.79,48,48-52 CM,3,1,M ,149.874,L ,U ,LL Mountain Frame,00:00.0,NULL,Current
534,FR-M21B-52,12,LB ,CM ,"LL Mountain Frame - Black, 52",136.785,1,Black,500,375,249.79,52,48-52 CM,3.04,1,M ,149.874,L ,U ,LL Mountain Frame,00:00.0,NULL,Current
535,TI-M267,37,NULL,NULL,LL Mountain Tire,9.3463,1,NA,500,375,24.99,NULL,NA,NULL,0,M ,14.994,L ,NULL,LL Mountain Tire,00:00.0,NULL,Current
536,TI-M602,37,NULL,NULL,ML Mountain Tire,11.2163,1,NA,500,375,29.99,NULL,NA,NULL,0,M ,17.994,M ,NULL,ML Mountain Tire,00:00.0,NULL,Current
537,TI-M823,37,NULL,NULL,HL Mountain Tire,13.09,1,NA,500,375,35,NULL,NA,NULL,0,M ,21,H ,NULL,HL Mountain Tire,00:00.0,NULL,Current
538,TI-R092,37,NULL,NULL,LL Road Tire,8.0373,1,NA,500,375,21.49,NULL,NA,NULL,0,R ,12.894,L ,NULL,LL Road Tire,00:00.0,NULL,Current
539,TI-R628,37,NULL,NULL,ML Road Tire,9.3463,1,NA,500,375,24.99,NULL,NA,NULL,0,R ,14.994,M ,NULL,ML Road Tire,00:00.0,NULL,Current
540,TI-R982,37,NULL,NULL,HL Road Tire,12.1924,1,NA,500,375,32.6,NULL,NA,NULL,0,R ,19.56,H ,NULL,HL Road Tire,00:00.0,NULL,Current
541,TI-T723,37,NULL,NULL,Touring Tire,10.8423,1,NA,500,375,28.99,NULL,NA,NULL,0,T ,17.394,NULL,NULL,Touring Tire,00:00.0,NULL,Current
542,PD-M282,13,G  ,NULL,LL Mountain Pedal,17.9776,1,Silver/Black,500,375,40.49,NULL,NA,218,1,M ,24.294,L ,NULL,LL Mountain Pedal,00:00.0,NULL,Current
543,PD-M340,13,G  ,NULL,ML Mountain Pedal,27.568,1,Silver/Black,500,375,62.09,NULL,NA,215,1,M ,37.254,M ,NULL,ML Mountain Pedal,00:00.0,NULL,Current
544,PD-M562,13,G  ,NULL,HL Mountain Pedal,35.9596,1,Silver/Black,500,375,80.99,NULL,NA,185,1,M ,48.594,H ,NULL,HL Mountain Pedal,00:00.0,NULL,Current
545,PD-R347,13,G  ,NULL,LL Road Pedal,17.9776,1,Silver/Black,500,375,40.49,NULL,NA,189,1,R ,24.294,L ,NULL,LL Road Pedal,,,
546,PD-R563,13,G  ,NULL,ML Road Pedal,27.568,1,Silver/Black,500,375,62.09,NULL,NA,168,1,R ,37.254,M ,NULL,ML Road Pedal,,,
547,PD-R853,13,G  ,NULL,HL Road Pedal,35.9596,1,Silver/Black,500,375,80.99,NULL,NA,149,1,R ,48.594,H ,NULL,HL Road Pedal,,,
548,PD-T852,13,NULL,NULL,Touring Pedal,35.9596,1,Silver/Black,500,375,80.99,NULL,NA,NULL,1,T ,48.594,NULL,NULL,Touring Pedal,,,
549,FR-M63S-38,12,LB ,CM ,"ML Mountain Frame-W - Silver, 38",199.3757,1,Silver,500,375,364.09,38,38-40 CM,2.73,2,M ,218.454,M ,W ,ML Mountain Frame-W,00:00.0,NULL,Current
550,FR-M21B-40,12,LB ,CM ,"LL Mountain Frame - Black, 40",136.785,1,Black,500,375,249.79,40,38-40 CM,2.88,2,M ,149.874,L ,U ,LL Mountain Frame,00:00.0,NULL,Current
551,FR-M21S-40,12,LB ,CM ,"LL Mountain Frame - Silver, 40",144.5938,1,Silver,500,375,264.05,40,38-40 CM,2.88,2,M ,158.43,L ,U ,LL Mountain Frame,00:00.0,NULL,Current
552,FD-2342,9,G  ,NULL,Front Derailleur,40.6216,1,Silver,500,375,91.49,NULL,NA,88,1,NULL,54.894,NULL,NULL,Front Derailleur,00:00.0,NULL,Current
553,HB-T721,4,NULL,NULL,LL Touring Handlebars,20.464,1,NA,500,375,46.09,NULL,NA,NULL,1,T ,27.654,L ,NULL,LL Touring Handlebars,00:00.0,NULL,Current
554,HB-T928,4,NULL,NULL,HL Touring Handlebars,40.6571,1,NA,500,375,91.57,NULL,NA,NULL,1,T ,54.942,H ,NULL,HL Touring Handlebars,00:00.0,NULL,Current
555,FB-9873,6,G  ,NULL,Front Brakes,47.286,1,Silver,500,375,106.5,NULL,NA,317,1,NULL,63.9,NULL,NULL,Front Brakes,00:00.0,NULL,Current
556,CS-4759,8,G  ,NULL,LL Crankset,77.9176,1,Black,500,375,175.49,NULL,NA,600,1,NULL,105.294,L ,NULL,LL Crankset,00:00.0,NULL,Current
557,CS-6583,8,G  ,NULL,ML Crankset,113.8816,1,Black,500,375,256.49,NULL,NA,635,1,NULL,153.894,M ,NULL,ML Crankset,00:00.0,NULL,Current
558,CS-9183,8,G  ,NULL,HL Crankset,179.8156,1,Black,500,375,404.99,NULL,NA,575,1,NULL,242.994,H ,NULL,HL Crankset,00:00.0,NULL,Current
559,CH-0234,7,NULL,NULL,Chain,8.9866,1,Silver,500,375,20.24,NULL,NA,NULL,1,NULL,12.144,NULL,NULL,Chain,,,
560,BK-T44U-60,3,LB ,CM ,"Touring-2000 Blue, 60",755.1508,1,Blue,100,75,1214.85,60,60-62 CM,27.9,4,T ,728.91,M ,U ,Touring-2000,,,
561,BK-T79Y-46,3,LB ,CM ,"Touring-1000 Yellow, 46",1481.9379,1,Yellow,100,75,2384.07,46,42-46 CM,25.13,4,T ,1430.442,H ,U ,Touring-1000,,,
562,BK-T79Y-50,3,LB ,CM ,"Touring-1000 Yellow, 50",1481.9379,1,Yellow,100,75,2384.07,50,48-52 CM,25.42,4,T ,1430.442,H ,U ,Touring-1000,,,
563,BK-T79Y-54,3,LB ,CM ,"Touring-1000 Yellow, 54",1481.9379,1,Yellow,100,75,2384.07,54,54-58 CM,25.68,4,T ,1430.442,H ,U ,Touring-1000,,,
564,BK-T79Y-60,3,LB ,CM ,"Touring-1000 Yellow, 60",1481.9379,1,Yellow,100,75,2384.07,60,60-62 CM,25.9,4,T ,1430.442,H ,U ,Touring-1000,,,
565,BK-T18U-54,3,LB ,CM ,"Touring-3000 Blue, 54",461.4448,1,Blue,100,75,742.35,54,54-58 CM,29.68,4,T ,445.41,L ,U ,Touring-3000,,,
566,BK-T18U-58,3,LB ,CM ,"Touring-3000 Blue, 58",461.4448,1,Blue,100,75,742.35,58,54-58 CM,29.9,4,T ,445.41,L ,U ,Touring-3000,,,
567,BK-T18U-62,3,LB ,CM ,"Touring-3000 Blue, 62",461.4448,1,Blue,100,75,742.35,62,60-62 CM,30,4,T ,445.41,L ,U ,Touring-3000,,,
568,BK-T18Y-44,3,LB ,CM ,"Touring-3000 Yellow, 44",461.4448,1,Yellow,100,75,742.35,44,42-46 CM,28.77,4,T ,445.41,L ,U ,Touring-3000,,,
569,BK-T18Y-50,3,LB ,CM ,"Touring-3000 Yellow, 50",461.4448,1,Yellow,100,75,742.35,50,48-52 CM,29.13,4,T ,445.41,L ,U ,Touring-3000,,,
570,BK-T18Y-54,3,LB ,CM ,"Touring-3000 Yellow, 54",461.4448,1,Yellow,100,75,742.35,54,54-58 CM,29.42,4,T ,445.41,L ,U ,Touring-3000,,,
571,BK-T18Y-58,3,LB ,CM ,"Touring-3000 Yellow, 58",461.4448,1,Yellow,100,75,742.35,58,54-58 CM,29.79,4,T ,445.41,L ,U ,Touring-3000,,,
572,BK-T18Y-62,3,LB ,CM ,"Touring-3000 Yellow, 62",461.4448,1,Yellow,100,75,742.35,62,60-62 CM,30,4,T ,445.41,L ,U ,Touring-3000,,,
573,BK-T79U-46,3,LB ,CM ,"Touring-1000 Blue, 46",1481.9379,1,Blue,100,75,2384.07,46,42-46 CM,25.13,4,T ,1430.442,H ,U ,Touring-1000,,,
574,BK-T79U-50,3,LB ,CM ,"Touring-1000 Blue, 50",1481.9379,1,Blue,100,75,2384.07,50,48-52 CM,25.42,4,T ,1430.442,H ,U ,Touring-1000,,,
575,BK-T79U-54,3,LB ,CM ,"Touring-1000 Blue, 54",1481.9379,1,Blue,100,75,2384.07,54,54-58 CM,25.68,4,T ,1430.442,H ,U ,Touring-1000,,,
576,BK-T79U-60,3,LB ,CM ,"Touring-1000 Blue, 60",1481.9379,1,Blue,100,75,2384.07,60,60-62 CM,25.9,4,T ,1430.442,H ,U ,Touring-1000,,,
577,BK-T44U-46,3,LB ,CM ,"Touring-2000 Blue, 46",755.1508,1,Blue,100,75,1214.85,46,42-46 CM,27.13,4,T ,728.91,M ,U ,Touring-2000,,,
578,BK-T44U-50,3,LB ,CM ,"Touring-2000 Blue, 50",755.1508,1,Blue,100,75,1214.85,50,48-52 CM,27.42,4,T ,728.91,M ,U ,Touring-2000,,,
579,BK-T44U-54,3,LB ,CM ,"Touring-2000 Blue, 54",755.1508,1,Blue,100,75,1214.85,54,54-58 CM,27.68,4,T ,728.91,M ,U ,Touring-2000,,,
580,BK-R79Y-40,2,LB ,CM ,"Road-350-W Yellow, 40",1082.51,1,Yellow,100,75,1700.99,40,38-40 CM,15.35,4,R ,1020.594,M ,W ,Road-350-W,,,
581,BK-R79Y-42,2,LB ,CM ,"Road-350-W Yellow, 42",1082.51,1,Yellow,100,75,1700.99,42,42-46 CM,15.77,4,R ,1020.594,M ,W ,Road-350-W,,,
582,BK-R79Y-44,2,LB ,CM ,"Road-350-W Yellow, 44",1082.51,1,Yellow,100,75,1700.99,44,42-46 CM,16.13,4,R ,1020.594,M ,W ,Road-350-W,,,
583,BK-R79Y-48,2,LB ,CM ,"Road-350-W Yellow, 48",1082.51,1,Yellow,100,75,1700.99,48,48-52 CM,16.42,4,R ,1020.594,M ,W ,Road-350-W,,,
584,BK-R19B-58,2,LB ,CM ,"Road-750 Black, 58",343.6496,1,Black,100,75,539.99,58,54-58 CM,20.79,4,R ,323.994,L ,U ,Road-750,,,
585,BK-T18U-44,3,LB ,CM ,"Touring-3000 Blue, 44",461.4448,1,Blue,100,75,742.35,44,42-46 CM,28.77,4,T ,445.41,L ,U ,Touring-3000,,,
586,BK-T18U-50,3,LB ,CM ,"Touring-3000 Blue, 50",461.4448,1,Blue,100,75,742.35,50,48-52 CM,29.13,4,T ,445.41,L ,U ,Touring-3000,,,
587,BK-M38S-38,1,LB ,CM ,"Mountain-400-W Silver, 38",419.7784,1,Silver,100,75,769.49,38,38-40 CM,26.35,4,M ,461.694,M ,W ,Mountain-400-W,,,
588,BK-M38S-40,1,LB ,CM ,"Mountain-400-W Silver, 40",419.7784,1,Silver,100,75,769.49,40,38-40 CM,26.77,4,M ,461.694,M ,W ,Mountain-400-W,,,
589,BK-M38S-42,1,LB ,CM ,"Mountain-400-W Silver, 42",419.7784,1,Silver,100,75,769.49,42,42-46 CM,27.13,4,M ,461.694,M ,W ,Mountain-400-W,,,
590,BK-M38S-46,1,LB ,CM ,"Mountain-400-W Silver, 46",419.7784,1,Silver,100,75,769.49,46,42-46 CM,27.42,4,M ,461.694,M ,W ,Mountain-400-W,,,
591,BK-M18S-40,1,LB ,CM ,"Mountain-500 Silver, 40",308.2179,1,Silver,100,75,564.99,40,38-40 CM,27.35,4,M ,338.994,L ,U ,Mountain-500,00:00.0,NULL,Current
592,BK-M18S-42,1,LB ,CM ,"Mountain-500 Silver, 42",308.2179,1,Silver,100,75,564.99,42,42-46 CM,27.77,4,M ,338.994,L ,U ,Mountain-500,00:00.0,NULL,Current
593,BK-M18S-44,1,LB ,CM ,"Mountain-500 Silver, 44",308.2179,1,Silver,100,75,564.99,44,42-46 CM,28.13,4,M ,338.994,L ,U ,Mountain-500,00:00.0,NULL,Current
594,BK-M18S-48,1,LB ,CM ,"Mountain-500 Silver, 48",308.2179,1,Silver,100,75,564.99,48,48-52 CM,28.42,4,M ,338.994,L ,U ,Mountain-500,00:00.0,NULL,Current
595,BK-M18S-52,1,LB ,CM ,"Mountain-500 Silver, 52",308.2179,1,Silver,100,75,564.99,52,48-52 CM,28.68,4,M ,338.994,L ,U ,Mountain-500,00:00.0,NULL,Current
596,BK-M18B-40,1,LB ,CM ,"Mountain-500 Black, 40",294.5797,1,Black,100,75,539.99,40,38-40 CM,27.35,4,M ,323.994,L ,U ,Mountain-500,00:00.0,NULL,Current
597,BK-M18B-42,1,LB ,CM ,"Mountain-500 Black, 42",294.5797,1,Black,100,75,539.99,42,42-46 CM,27.77,4,M ,323.994,L ,U ,Mountain-500,00:00.0,NULL,Current
598,BK-M18B-44,1,LB ,CM ,"Mountain-500 Black, 44",294.5797,1,Black,100,75,539.99,44,42-46 CM,28.13,4,M ,323.994,L ,U ,Mountain-500,00:00.0,NULL,Current
599,BK-M18B-48,1,LB ,CM ,"Mountain-500 Black, 48",294.5797,1,Black,100,75,539.99,48,48-52 CM,28.42,4,M ,323.994,L ,U ,Mountain-500,00:00.0,NULL,Current
600,BK-M18B-52,1,LB ,CM ,"Mountain-500 Black, 52",294.5797,1,Black,100,75,539.99,52,48-52 CM,28.68,4,M ,323.994,L ,U ,Mountain-500,00:00.0,NULL,Current
601,BB-7421,5,G  ,NULL,LL Bottom Bracket,23.9716,1,NA,500,375,53.99,NULL,NA,223,1,NULL,32.394,L ,NULL,LL Bottom Bracket,00:00.0,NULL,Current
602,BB-8107,5,G  ,NULL,ML Bottom Bracket,44.9506,1,NA,500,375,101.24,NULL,NA,168,1,NULL,60.744,M ,NULL,ML Bottom Bracket,00:00.0,NULL,Current
603,BB-9108,5,G  ,NULL,HL Bottom Bracket,53.9416,1,NA,500,375,121.49,NULL,NA,170,1,NULL,72.894,H ,NULL,HL Bottom Bracket,00:00.0,NULL,Current
604,BK-R19B-44,2,LB ,CM ,"Road-750 Black, 44",343.6496,1,Black,100,75,539.99,44,42-46 CM,19.77,4,R ,323.994,L ,U ,Road-750,,,
605,BK-R19B-48,2,LB ,CM ,"Road-750 Black, 48",343.6496,1,Black,100,75,539.99,48,48-52 CM,20.13,4,R ,323.994,L ,U ,Road-750,,,
606,BK-R19B-52,2,LB ,CM ,"Road-750 Black, 52",343.6496,1,Black,100,75,539.99,52,48-52 CM,20.42,4,R ,323.994,L ,U ,Road-750,,,